Marca temporal,Fecha,Peso en kg,Colectivo
21/03/2023 21:03:40,21/03/2023,5,Quinzata
26/03/2023 11:19:24,26/03/2023,"0,5",Quinzata
26/03/2023 11:24:48,26/03/2023,7,Quinzata
26/03/2023 11:39:11,26/03/2023,4,Quinzata
26/03/2023 11:42:16,26/03/2023,3,Quinzata
26/03/2023 11:44:04,26/03/2023,7,Quinzata
26/03/2023 11:49:05,26/03/2023,4,Quinzata
26/03/2023 11:53:31,26/03/2023,10,Quinzata
26/03/2023 11:56:08,26/03/2023,7,Quinzata
26/03/2023 12:01:44,26/03/2023,"7,5",Quinzata
26/03/2023 12:03:44,26/03/2023,4,Quinzata
26/03/2023 12:22:54,26/03/2023,3,Quinzata
26/03/2023 14:03:31,26/03/2023,"0,5",Quinzata
26/03/2023 15:00:11,26/03/2023,"0,5",Quinzata
26/03/2023 15:01:18,26/03/2023,2,Quinzata
30/03/2023 17:08:44,30/03/2023,"0,5",Quinzata
2/04/2023 9:55:44,2/04/2023,4,Quinzata
2/04/2023 10:06:01,2/04/2023,1,Quinzata
2/04/2023 10:06:48,2/04/2023,3,Quinzata
2/04/2023 10:07:17,2/04/2023,6,Quinzata
2/04/2023 10:07:35,2/04/2023,9,Quinzata
2/04/2023 12:11:20,2/04/2023,8,Quinzata
2/04/2023 12:27:37,2/04/2023,2,Quinzata
2/04/2023 12:29:15,2/04/2023,8,Quinzata
2/04/2023 12:30:51,2/04/2023,6,Quinzata
2/04/2023 12:31:15,2/04/2023,7,Quinzata
2/04/2023 12:56:58,2/04/2023,2,Quinzata
2/04/2023 12:58:41,2/04/2023,3,Quinzata
2/04/2023 13:04:01,2/04/2023,8,Quinzata
2/04/2023 13:21:49,2/04/2023,7,Quinzata
9/04/2023 10:47:33,9/04/2023,5,Quinzata
9/04/2023 10:50:16,9/04/2023,4,Quinzata
9/04/2023 10:52:05,9/04/2023,2,Quinzata
9/04/2023 10:52:47,9/04/2023,5,Quinzata
9/04/2023 10:53:07,9/04/2023,6,Quinzata
9/04/2023 10:53:22,9/04/2023,3,Quinzata
9/04/2023 11:13:22,9/04/2023,3,Quinzata
9/04/2023 11:36:45,9/05/2023,14,Quinzata
9/04/2023 13:04:30,9/04/2023,4,Quinzata
11/04/2023 11:26:37,11/04/2023,15,Quinzata
11/04/2023 20:57:56,11/04/2023,"0,5",Quinzata
16/04/2023 12:30:27,16/04/2023,"8,5",Quinzata
16/04/2023 13:47:07,16/04/2023,2,Quinzata
16/04/2023 13:48:35,16/04/2023,3,Quinzata
16/04/2023 14:59:52,16/04/2023,3,Quinzata
16/04/2023 15:00:18,16/04/2023,2,Quinzata
16/04/2023 15:00:30,16/04/2023,6,Quinzata
16/04/2023 15:00:49,16/04/2023,12,Quinzata
16/04/2023 15:01:05,16/04/2023,5,Quinzata
16/04/2023 15:06:15,16/04/2023,8,Quinzata
16/04/2023 15:56:57,16/04/2023,6,Quinzata
22/04/2023 18:01:20,22/04/2023,"0,5",Quinzata
23/04/2023 12:20:40,23/04/2023,"5,3",Quinzata
30/04/2023 12:42:24,30/04/2023,2,Quinzata
30/04/2023 14:50:24,30/04/2023,"3,5",Quinzata
7/05/2023 12:44:20,7/05/2023,10,Quinzata
7/05/2023 12:45:05,7/05/2023,6,Quinzata
7/05/2023 12:45:28,7/05/2023,"6,5",Quinzata
7/05/2023 12:45:45,7/05/2023,"4,5",Quinzata
7/05/2023 14:02:13,7/05/2023,"3,5",Quinzata
8/05/2023 12:13:05,7/05/2023,"0,5",Quinzata
8/05/2023 13:42:47,8/05/2023,15,Quinzata
13/05/2023 8:54:08,13/05/2023,1,Quinzata
14/05/2023 13:26:03,14/05/2023,4,Quinzata
14/05/2023 16:23:45,14/05/2023,6,Quinzata
20/05/2023 9:28:51,20/05/2023,8,Quinzata
21/05/2023 9:30:47,21/05/2023,1,Quinzata
21/05/2023 9:41:31,21/05/2023,4,Quinzata
21/05/2023 9:41:48,21/05/2023,7,Quinzata
21/05/2023 9:42:07,21/05/2023,"1,5",Quinzata
22/05/2023 8:07:40,22/05/2023,"0,8",Quinzata
25/05/2023 11:03:51,25/05/2023,1,Quinzata
25/05/2023 11:08:38,25/05/2023,2,Quinzata
25/05/2023 11:09:09,3/05/2023,4,Quinzata
25/05/2023 11:12:11,25/05/2023,5,Quinzata
25/05/2023 11:14:10,25/05/2023,6,Quinzata
28/05/2023 10:52:43,28/05/2023,2,Quinzata
28/05/2023 11:23:39,28/05/2023,5,Quinzata
28/05/2023 15:36:11,28/05/2023,7,Quinzata
2/06/2023 15:12:21,30/06/2023,50,Quinzata
4/06/2023 8:25:25,4/06/2023,1,Quinzata
4/06/2023 10:08:47,4/06/2023,2,Quinzata
4/06/2023 12:19:33,4/06/2023,9,Quinzata
4/06/2023 12:20:28,4/06/2023,21,Quinzata
4/06/2023 12:20:53,4/06/2023,2,Quinzata
4/06/2023 12:24:06,4/06/2023,5,Quinzata
4/06/2023 13:16:13,4/06/2023,"3,5",Quinzata
4/06/2023 14:15:13,4/06/2023,8,Quinzata
11/06/2023 10:22:56,11/06/2023,6,Quinzata
11/06/2023 11:59:41,11/06/2023,6,Quinzata
11/06/2023 11:59:59,11/06/2023,6,Quinzata
11/06/2023 12:00:18,11/06/2023,8,Quinzata
11/06/2023 13:46:27,11/06/2023,4,Quinzata
12/06/2023 0:36:37,11/06/2023,"0,5",Quinzata
24/06/2023 8:21:06,24/06/2023,"1,6",Quinzata
25/06/2023 12:15:16,25/06/2023,11,Quinzata
2/07/2023 12:47:35,2/07/2023,8,Quinzata
2/07/2023 21:57:41,2/07/2023,5,Quinzata
9/07/2023 17:21:16,9/07/2023,6,Quinzata
11/07/2023 22:20:05,4/07/2023,"0,5",Quinzata
23/07/2023 11:45:07,23/07/2023,11,Quinzata
23/07/2023 12:29:26,23/07/2023,12,Quinzata
23/07/2023 12:32:02,23/07/2023,4,Quinzata
23/07/2023 13:00:06,23/07/2023,7,Quinzata
23/07/2023 14:03:32,23/07/2023,4,Quinzata
24/07/2023 20:21:09,23/07/2023,66,Huitaca
28/07/2023 11:59:05,28/07/2023,6,Quinzata
30/07/2023 10:05:20,30/07/2023,"0,5",Quinzata
30/07/2023 10:45:27,30/07/2023,5,Quinzata
30/07/2023 11:59:48,30/07/2023,6,Quinzata
30/07/2023 12:09:58,30/07/2023,"1,8",Quinzata
6/08/2023 11:59:18,6/08/2023,6,Quinzata
6/08/2023 12:00:20,6/08/2023,10,Quinzata
6/08/2023 12:49:52,6/08/2023,4,Quinzata
6/08/2023 14:06:39,6/08/2023,"2,5",Quinzata
7/08/2023 9:53:07,7/08/2023,"0,9",Quinzata
13/08/2023 12:49:03,13/08/2023,11,Quinzata
21/08/2023 12:56:10,21/08/2023,7,Quinzata
27/08/2023 9:55:25,27/08/2023,"1,3",Quinzata
27/08/2023 10:32:10,27/08/2023,6,Quinzata
27/08/2023 10:47:13,27/08/2023,7,Quinzata
27/08/2023 10:47:42,27/08/2023,4,Quinzata
27/08/2023 10:48:56,27/08/2023,"0,5",Quinzata
27/08/2023 11:16:38,27/08/2023,2,Quinzata
27/08/2023 11:30:29,27/08/2023,5,Quinzata
27/08/2023 15:56:04,27/08/2023,3,Quinzata
27/08/2023 19:16:46,27/08/2023,"0,5",Quinzata
3/09/2023 12:50:14,3/09/2023,"13,5",Quinzata
4/09/2023 8:50:01,3/09/2023,"97,3",Tochua
6/09/2023 9:25:25,6/09/2023,5,Fapqua
6/09/2023 10:00:52,6/09/2023,2,Fapqua
6/09/2023 10:12:26,6/09/2023,6,Fapqua
6/09/2023 11:02:48,6/09/2023,55,ChiaZuhé
7/09/2023 12:05:26,11/06/2023,"64,73",Tochua
7/09/2023 12:06:00,6/08/2023,"88,9",Tochua
7/09/2023 12:08:37,20/08/2023,"87,3",Tochua
7/09/2023 12:09:03,27/08/2023,95,Tochua
7/09/2023 12:10:45,3/09/2023,97,Tochua
7/09/2023 13:29:53,7/09/2023,"45,7",Bonanza
7/09/2023 15:55:14,2/07/2023,"55,7",Tochua
7/09/2023 15:56:04,16/07/2023,"90,5",Tochua
7/09/2023 15:56:48,23/07/2023,"40,7",Tochua
10/09/2023 12:51:35,10/09/2023,12,Fapqua
10/09/2023 12:52:01,10/09/2023,5,Fapqua
10/09/2023 12:53:42,10/09/2023,1,Fapqua
10/09/2023 13:03:17,10/09/2023,5,Fapqua
10/09/2023 13:04:26,10/09/2023,8,Fapqua
10/09/2023 13:30:26,10/09/2023,"289,4",Andes
10/09/2023 15:46:01,10/09/2023,3,Fapqua
12/09/2023 17:03:41,9/09/2023,13,Quinzata
17/09/2023 13:29:47,17/09/2023,7,Quinzata
17/09/2023 13:32:00,17/09/2023,190,Resiliencia
18/09/2023 15:56:10,10/09/2023,83,Tochua
25/09/2023 6:33:02,24/09/2023,5,Quinzata
25/09/2023 22:30:40,25/09/2023,11,Quinzata
25/09/2023 22:31:22,17/09/2023,12,Quinzata
25/09/2023 22:32:02,10/09/2023,13,Quinzata
25/09/2023 22:32:37,3/09/2023,11,Quinzata
26/09/2023 11:06:13,26/09/2023,10,Quinzata
1/10/2023 11:49:33,1/10/2023,3,Quinzata
1/10/2023 11:49:58,1/10/2023,6,Quinzata
1/10/2023 11:50:47,1/10/2023,4,Quinzata
1/10/2023 11:52:54,1/10/2023,2,Quinzata
4/10/2023 15:39:42,4/10/2023,5,Quinzata
8/10/2023 19:15:08,8/10/2023,"92,5",Tochua
12/10/2023 8:21:19,10/10/2023,5,Quinzata
15/10/2023 12:55:52,15/10/2023,7,Quinzata
16/10/2023 17:27:32,16/10/2023,15,Quinzata
21/10/2023 13:12:09,21/10/2023,15,Quinzata
22/10/2023 15:47:34,22/10/2023,88,Tochua
22/10/2023 22:15:56,22/10/2023,6,Quinzata
5/11/2023 11:01:57,5/11/2023,8,Fapqua
5/11/2023 11:02:22,5/11/2023,4,Fapqua
12/11/2023 10:40:15,12/11/2023,7,Quinzata
12/11/2023 10:41:23,12/11/2023,3,Quinzata
12/11/2023 10:44:16,12/11/2023,1,Quinzata
12/11/2023 10:46:46,12/11/2023,6,Quinzata
15/11/2023 8:30:42,12/11/2023,"75,8",Tochua
19/11/2023 11:31:52,19/11/2023,5,Quinzata
10/12/2023 10:00:06,10/12/2023,4,Fapqua
13/12/2023 10:13:13,13/12/2023,5,Quinzata
24/12/2023 11:49:31,24/12/2023,5,Fapqua
2/01/2024 17:52:09,2/01/2024,5,Fapqua
14/01/2024 11:47:48,14/01/2024,5,Quinzata
14/01/2024 12:52:12,14/01/2024,2,Quinzata
14/01/2024 16:10:18,14/01/2024,"103,1",Tochua
21/01/2024 13:20:24,21/01/2024,3,Fapqua
23/01/2024 9:41:38,21/01/2024,102,Tochua
30/01/2024 17:05:52,30/01/2024,"3,5",Ciclo vivo
4/02/2024 12:58:15,4/02/2024,6,Quinzata
4/02/2024 13:13:53,4/02/2024,14,Quinzata
4/02/2024 14:41:06,4/02/2024,"78,5",Tochua
10/02/2024 12:38:18,10/02/2023,"4,57",Bonanza
11/02/2024 9:14:03,11/02/2024,2,Quinzata
11/02/2024 9:18:52,11/02/2024,"0,5",Quinzata
18/02/2024 11:34:10,18/02/2024,116,Huitaca
18/02/2024 11:39:30,18/02/2024,"7,5",Quinzata
18/02/2024 11:48:42,18/02/2024,"1,5",Quinzata
18/02/2024 11:52:25,18/02/2024,5,Quinzata
18/02/2024 12:47:02,18/02/2024,3,Quinzata
18/02/2024 16:11:20,18/02/2024,4,Quinzata
18/02/2024 16:39:34,18/02/2024,"31,5",Nukak
19/02/2024 11:41:36,17/02/2024,"6,75",Bonanza
25/02/2024 9:28:22,25/02/2024,3,Quinzata
25/02/2024 10:30:23,25/02/2024,1,Huitaca
25/02/2024 11:11:02,25/02/2024,7,Huitaca
25/02/2024 11:11:24,25/02/2024,6,Huitaca
25/02/2024 11:12:34,25/02/2024,3,Huitaca
25/02/2024 11:12:52,25/02/2024,5,Huitaca
25/02/2024 11:13:22,25/02/2024,2,Huitaca
25/02/2024 11:13:39,25/02/2024,5,Huitaca
25/02/2024 11:14:02,25/02/2024,5,Huitaca
25/02/2024 11:14:30,25/02/2024,8,Huitaca
25/02/2024 11:17:12,25/02/2024,7,Huitaca
25/02/2024 11:17:31,25/02/2024,5,Huitaca
25/02/2024 11:18:02,25/02/2024,2,Huitaca
25/02/2024 11:18:33,25/02/2024,7,Huitaca
25/02/2024 11:19:02,25/02/2024,6,Huitaca
25/02/2024 11:19:25,25/02/2024,4,Huitaca
25/02/2024 11:19:48,25/02/2024,4,Huitaca
25/02/2024 11:20:07,25/02/2024,5,Huitaca
25/02/2024 11:20:21,25/02/2024,13,Huitaca
25/02/2024 11:20:46,25/02/2024,4,Huitaca
25/02/2024 11:22:12,25/02/2024,8,Huitaca
25/02/2024 11:24:34,25/02/2024,5,Huitaca
25/02/2024 11:25:50,25/02/2024,11,Huitaca
25/02/2024 11:26:43,25/02/2024,11,Huitaca
25/02/2024 11:26:57,25/02/2024,4,Huitaca
25/02/2024 11:27:37,25/02/2024,11,Huitaca
25/02/2024 11:28:15,25/02/2024,11,Huitaca
25/02/2024 11:31:50,25/02/2024,3,Huitaca
25/02/2024 11:47:12,25/02/2024,5,Huitaca
25/02/2024 21:36:53,11/02/2024,"79,7",Tochua
26/02/2024 7:14:19,25/02/2024,"48,06",Nukak
3/03/2024 9:01:08,3/03/2024,2,Quinzata
3/03/2024 10:12:42,3/03/2024,28,Nukak
6/03/2024 18:54:26,3/03/2024,115,Huitaca
10/03/2024 11:44:19,10/03/2024,9,Quinzata
10/03/2024 15:24:07,10/03/2024,5,Quinzata
13/03/2024 7:15:56,10/03/2024,80,Huitaca
24/03/2024 8:58:40,24/03/2024,8,Quinzata
24/03/2024 10:33:16,24/03/2024,13,Quinzata
24/03/2024 11:18:31,24/03/2024,8,Quinzata
24/03/2024 11:19:31,17/03/2024,86,Huitaca
24/03/2024 12:23:14,24/03/2024,8,Quinzata
24/03/2024 13:24:53,24/03/2024,6,Quinzata
25/03/2024 14:50:44,24/03/2024,131,Huitaca
31/03/2024 15:33:57,31/03/2024,3,Quinzata
31/03/2024 19:28:13,31/03/2024,"100,5",Tochua
1/04/2024 9:14:54,31/03/2024,24,Hishasue
1/04/2024 12:36:48,23/03/2024,"101,9",Tochua
7/04/2024 10:52:16,7/04/2024,4,Quinzata
7/04/2024 11:01:58,7/04/2024,8,Quinzata
7/04/2024 11:41:11,7/04/2024,124,Huitaca
7/04/2024 15:41:06,7/04/2024,"95,5",Tochua
9/04/2024 23:03:52,7/04/2024,11,Hishasue
10/04/2024 22:06:55,7/04/2024,"39,2",Nukak
14/04/2024 17:56:58,14/04/2024,80,Tochua
15/04/2024 20:26:58,14/04/2024,80,Tochua
16/04/2024 19:29:17,14/04/2024,90,Círculo de Xué
17/04/2024 9:18:12,16/04/2024,"1,8",Santa Catalina
17/04/2024 19:29:09,17/04/2024,"2,5",Hishasue
18/04/2024 21:33:54,14/04/2024,15,Quinzata
18/04/2024 21:34:46,7/04/2024,13,Quinzata
18/04/2024 21:35:20,31/03/2024,13,Quinzata
18/04/2024 21:35:47,24/03/2024,14,Quinzata
18/04/2024 21:36:14,10/03/2024,14,Quinzata
18/04/2024 21:36:38,3/03/2024,12,Quinzata
18/04/2024 21:37:11,25/02/2024,13,Quinzata
20/04/2024 18:05:25,14/04/2024,80,EcoBosque Urbano
21/04/2024 11:00:01,21/04/2024,"106,8",Resiliencia
21/04/2024 15:46:43,21/04/2024,"1,1",Santa Catalina
22/04/2024 8:04:34,21/04/2024,103,Huitaca
22/04/2024 14:13:26,21/04/2024,30,MuisKmu
22/04/2024 16:27:20,21/04/2024,70,Círculo de Xué
23/04/2024 10:24:47,2/12/2023,72,Sendero Colibrí
23/04/2024 10:25:38,16/12/2023,"102,5",Sendero Colibrí
23/04/2024 10:26:21,24/12/2023,51,Sendero Colibrí
23/04/2024 10:26:56,27/01/2024,96,Sendero Colibrí
23/04/2024 10:27:50,10/02/2024,99,Sendero Colibrí
23/04/2024 10:28:45,24/02/2024,"107,5",Sendero Colibrí
23/04/2024 10:29:34,9/03/2024,"57,7",Sendero Colibrí
23/04/2024 10:30:04,23/03/2024,"97,5",Sendero Colibrí
23/04/2024 10:31:00,6/04/2024,115,Sendero Colibrí
23/04/2024 10:32:00,13/01/2024,"95,4",Sendero Colibrí
23/04/2024 18:45:43,23/04/2024,4,Manitas de luz
24/04/2024 10:20:16,7/01/2024,13,Quinzata
24/04/2024 10:20:52,14/01/2024,14,Quinzata
24/04/2024 10:21:25,21/04/2024,15,Quinzata
24/04/2024 10:21:51,28/01/2024,14,Quinzata
24/04/2024 10:22:49,4/02/2024,14,Quinzata
25/04/2024 14:01:55,25/04/2024,7240,Vive vibra verde
27/04/2024 11:13:03,27/04/2024,58,ChiaZuhé
27/04/2024 12:56:06,27/04/2024,8,ChiaZuhé
28/04/2024 10:47:34,28/04/2024,58,Nukak
28/04/2024 18:31:46,28/04/2024,99,Resiliencia
29/04/2024 15:06:44,27/04/2024,2,Santa Catalina
30/04/2024 21:39:44,30/04/2024,"1,5",Santa Catalina
1/05/2024 10:08:27,28/04/2024,14,Quinzata
2/05/2024 9:30:02,1/05/2024,9,Lafinca369
2/05/2024 15:21:58,27/04/2024,65,EcoBosque Urbano
4/05/2024 18:19:10,4/05/2024,"1,5",Santa Catalina
5/05/2024 8:59:33,28/04/2024,120,Huitaca
5/05/2024 17:00:03,5/05/2024,55,Bosque Urbano Canal Boyacá
5/05/2024 20:01:52,27/04/2024,123,Sendero Colibrí
6/05/2024 7:09:37,5/05/2024,15,Quinzata
6/05/2024 12:50:30,5/05/2024,"95,2",Tochua
7/05/2024 11:48:56,5/05/2024,120,Huerta del fuego
8/05/2024 9:32:50,5/05/2024,39,Huitaca
8/05/2024 11:09:31,8/05/2024,20,Lafinca369
11/05/2024 22:57:22,11/05/2024,156,Sendero Colibrí
12/05/2024 10:48:29,12/05/2024,"24,16",Nukak
12/05/2024 13:10:14,12/05/2024,89,Tochua
13/05/2024 9:57:29,12/05/2024,117,Resiliencia
13/05/2024 20:57:17,13/05/2024,30,MuisKmu
13/05/2024 21:04:22,12/05/2024,11,Quinzata
19/05/2024 9:57:23,27/01/2024,30,Bosque Urbano Canal Boyacá
19/05/2024 9:58:01,11/02/2024,36,Bosque Urbano Canal Boyacá
19/05/2024 9:58:42,3/04/2024,37,Bosque Urbano Canal Boyacá
19/05/2024 10:19:30,19/05/2024,"0,8",Tochua
20/05/2024 6:57:19,19/05/2024,21,Nukak
20/05/2024 14:12:28,19/05/2024,13,Quinzata
20/05/2024 16:45:06,19/05/2024,"79,4",Tochua
22/05/2024 7:05:24,22/05/2024,20,Andes
23/05/2024 11:21:30,19/05/2024,120,Resiliencia
23/05/2024 12:02:19,16/05/2024,10,Lafinca369
23/05/2024 12:02:48,22/05/2024,12,Lafinca369
23/05/2024 12:03:21,24/04/2024,9,Lafinca369
23/05/2024 12:03:48,17/04/2024,8,Lafinca369
23/05/2024 12:04:18,10/04/2024,12,Lafinca369
23/05/2024 12:08:22,3/04/2024,13,Lafinca369
23/05/2024 12:09:32,27/03/2024,11,Lafinca369
23/05/2024 12:09:57,20/03/2024,14,Lafinca369
23/05/2024 12:10:57,13/03/2024,11,Lafinca369
23/05/2024 12:11:36,6/03/2024,15,Lafinca369
23/05/2024 12:12:01,28/02/2024,13,Lafinca369
23/05/2024 12:13:20,21/02/2024,12,Lafinca369
23/05/2024 12:13:40,14/02/2024,14,Lafinca369
23/05/2024 12:14:14,7/02/2024,15,Lafinca369
26/05/2024 11:28:52,26/05/2024,147,Resiliencia
26/05/2024 11:40:54,26/05/2024,100,Huitaca
26/05/2024 12:00:47,26/05/2024,22,Resiliencia
27/05/2024 15:54:54,26/05/2024,"78,5",Tochua
27/05/2024 21:04:54,26/05/2024,13,Quinzata
29/05/2024 16:39:40,29/05/2024,15,Lafinca369
1/06/2024 11:57:11,1/06/2024,166,Sendero Colibrí
2/06/2024 11:54:14,2/06/2024,19,Bonanza
2/06/2024 13:51:50,2/06/2024,106,Huitaca
2/06/2024 18:53:36,2/06/2024,128,Tochua
3/06/2024 6:35:15,2/06/2024,35,MuisKmu
3/06/2024 10:11:50,2/06/2024,16,Quinzata
7/06/2024 16:37:51,7/06/2024,17,Lafinca369
9/06/2024 11:41:11,9/06/2024,86,Huitaca
9/06/2024 17:38:20,9/06/2024,"56,3",Tochua
9/06/2024 18:52:13,9/06/2024,7,Bonanza
14/06/2024 0:51:54,12/06/2024,13,Lafinca369
15/06/2024 14:58:01,15/06/2024,1,Santa Catalina
16/06/2024 12:40:26,16/06/2024,86,Huitaca
16/06/2024 13:52:17,16/06/2024,5,Quinzata
16/06/2024 19:55:15,16/06/2024,1,Quinzata
17/06/2024 6:53:46,16/06/2024,40,MuisKmu
19/06/2024 20:57:08,19/06/2024,115,Lafinca369
20/06/2024 13:24:39,16/06/2024,13,Quinzata
21/06/2024 7:29:04,20/06/2024,44,Bosque Urbano Canal Boyacá
23/06/2024 13:27:15,22/06/2024,6,Quinzata
23/06/2024 13:30:55,23/06/2024,20,Quinzata
23/06/2024 15:42:14,23/06/2024,6,Quinzata
23/06/2024 18:59:34,23/06/2024,14,Quinzata
23/06/2024 19:33:25,23/06/2024,88,Tochua
23/06/2024 19:35:21,23/06/2024,15,Bonanza
24/06/2024 21:59:33,23/06/2024,66,Huitaca
29/06/2024 11:19:59,29/06/2024,"158,68",Sendero Colibrí
30/06/2024 11:59:17,30/06/2024,"102,5",Resiliencia
30/06/2024 12:55:27,30/06/2024,14,Resiliencia
30/06/2024 13:31:55,30/06/2024,20,Quinzata
30/06/2024 17:08:09,30/06/2024,"81,5",Tochua
30/06/2024 19:39:25,9/06/2024,197,Resiliencia
1/07/2024 9:49:06,23/06/2024,179,Resiliencia
1/07/2024 10:15:32,1/07/2024,40,MuisKmu
2/07/2024 6:46:58,26/06/2024,16,Lafinca369
3/07/2024 20:53:47,30/06/2024,70,Huitaca
4/07/2024 21:24:38,4/07/2024,"1,2",Santa Catalina
5/07/2024 20:54:32,1/07/2024,7,Manitas de luz
5/07/2024 21:20:52,5/07/2024,14,Lafinca369
7/07/2024 11:26:32,7/07/2024,4,Quinzata
7/07/2024 12:05:25,6/06/2024,10,Bonanza
7/07/2024 12:29:54,7/07/2024,119,Resiliencia
7/07/2024 13:14:46,7/07/2024,15,Quinzata
7/07/2024 14:08:24,7/07/2024,92,Tochua
7/07/2024 17:07:33,7/07/2024,5,Quinzata
11/07/2024 17:42:41,10/07/2024,3,Manitas de luz
13/07/2024 18:36:24,13/07/2024,15,Bonanza
14/07/2024 12:15:36,13/07/2024,1,Santa Catalina
14/07/2024 16:36:39,14/07/2024,116,Resiliencia
16/07/2024 8:39:58,14/07/2024,45,MuisKmu
17/07/2024 15:25:02,14/07/2024,75,Huitaca
18/07/2024 19:48:39,14/07/2024,"91,2",Tochua
21/07/2024 12:43:52,21/07/2024,80,EcoBosque Urbano
21/07/2024 14:40:32,21/07/2024,8,Manitas de luz
21/07/2024 20:18:52,21/07/2024,"93,6",Tochua
22/07/2024 9:31:49,20/07/2024,12,Quinzata
22/07/2024 9:50:48,18/07/2024,5,Resiliencia
22/07/2024 11:12:42,21/07/2024,12,Bonanza
24/07/2024 19:21:38,20/07/2024,240,Sendero Colibrí
24/07/2024 20:39:10,21/07/2024,65,Huitaca
27/07/2024 16:56:12,27/07/2024,13,Quinzata
28/07/2024 13:40:37,28/07/2024,"100,6",Tochua
28/07/2024 15:08:02,28/07/2024,31,Huitaca
28/07/2024 23:54:04,27/09/2020,80,EcoBosque Urbano
28/07/2024 23:54:38,4/10/2020,140,EcoBosque Urbano
28/07/2024 23:55:04,18/10/2020,80,EcoBosque Urbano
28/07/2024 23:55:33,25/10/2020,80,EcoBosque Urbano
28/07/2024 23:56:05,2/11/2020,140,EcoBosque Urbano
28/07/2024 23:56:32,8/11/2020,90,EcoBosque Urbano
28/07/2024 23:56:58,22/11/2020,90,EcoBosque Urbano
28/07/2024 23:57:27,29/11/2020,90,EcoBosque Urbano
28/07/2024 23:57:55,8/12/2020,70,EcoBosque Urbano
28/07/2024 23:58:24,7/02/2021,90,EcoBosque Urbano
28/07/2024 23:59:01,7/03/2021,80,EcoBosque Urbano
28/07/2024 23:59:31,4/04/2021,60,EcoBosque Urbano
29/07/2024 0:00:11,15/05/2021,80,EcoBosque Urbano
29/07/2024 0:01:22,30/05/2021,90,EcoBosque Urbano
29/07/2024 0:02:37,7/06/2021,60,EcoBosque Urbano
29/07/2024 0:03:10,20/06/2021,90,EcoBosque Urbano
29/07/2024 0:03:44,27/06/2021,80,EcoBosque Urbano
29/07/2024 0:04:17,27/06/2021,80,EcoBosque Urbano
29/07/2024 0:05:34,4/07/2021,80,EcoBosque Urbano
29/07/2024 0:06:07,10/07/2021,80,EcoBosque Urbano
29/07/2024 0:06:38,25/07/2021,70,EcoBosque Urbano
29/07/2024 0:14:11,25/07/2021,70,EcoBosque Urbano
29/07/2024 0:14:36,1/08/2021,120,EcoBosque Urbano
29/07/2024 0:15:06,8/08/2021,150,EcoBosque Urbano
29/07/2024 0:18:08,15/08/2021,100,EcoBosque Urbano
29/07/2024 0:18:32,21/08/2021,120,EcoBosque Urbano
29/07/2024 0:19:10,29/08/2021,80,EcoBosque Urbano
29/07/2024 0:19:33,5/09/2021,80,EcoBosque Urbano
29/07/2024 0:19:57,12/10/2021,150,EcoBosque Urbano
29/07/2024 0:20:30,19/09/2021,80,EcoBosque Urbano
29/07/2024 0:21:08,26/09/2021,80,EcoBosque Urbano
29/07/2024 0:21:42,3/10/2021,120,EcoBosque Urbano
29/07/2024 0:22:08,10/03/2021,90,EcoBosque Urbano
29/07/2024 0:22:34,17/10/2021,80,EcoBosque Urbano
29/07/2024 0:23:03,24/10/2021,120,EcoBosque Urbano
29/07/2024 0:23:29,31/10/2021,80,EcoBosque Urbano
29/07/2024 0:24:13,7/11/2021,80,EcoBosque Urbano
29/07/2024 0:24:53,13/11/2021,80,EcoBosque Urbano
29/07/2024 0:25:15,21/11/2021,170,EcoBosque Urbano
29/07/2024 0:26:50,29/11/2021,80,EcoBosque Urbano
29/07/2024 0:27:17,5/12/2021,140,EcoBosque Urbano
29/07/2024 0:28:03,12/12/2021,80,EcoBosque Urbano
29/07/2024 0:28:31,19/12/2021,100,EcoBosque Urbano
29/07/2024 0:28:59,13/01/2022,60,EcoBosque Urbano
29/07/2024 0:29:34,30/01/2022,70,EcoBosque Urbano
29/07/2024 0:30:19,6/02/2022,60,EcoBosque Urbano
29/07/2024 0:30:56,12/02/2022,80,EcoBosque Urbano
29/07/2024 0:31:41,24/02/2022,50,EcoBosque Urbano
29/07/2024 0:32:07,9/03/2022,60,EcoBosque Urbano
29/07/2024 0:32:40,20/03/2022,60,EcoBosque Urbano
29/07/2024 0:33:05,7/04/2022,70,EcoBosque Urbano
29/07/2024 0:47:22,10/04/2022,70,EcoBosque Urbano
29/07/2024 7:15:59,28/07/2024,9,Resiliencia
31/07/2024 11:20:38,31/07/2024,30,Lafinca369
3/08/2024 12:31:05,3/08/2024,90,Sendero Colibrí
4/08/2024 13:25:50,4/08/2024,112,Huitaca
4/08/2024 16:30:57,4/08/2024,"75,5",Resiliencia
4/08/2024 18:57:50,4/08/2024,17,Lafinca369
5/08/2024 10:14:25,4/08/2024,12,Quinzata
5/08/2024 10:18:40,5/08/2024,"59,4",Tochua
5/08/2024 12:23:26,5/08/2024,7,Tochua
5/08/2024 14:12:40,5/08/2024,10,Manitas de luz
5/08/2024 14:48:09,3/08/2024,71,Bosque Urbano Canal Boyacá
9/08/2024 12:45:37,7/08/2024,40,MuisKmu
10/08/2024 17:12:02,21/04/2022,120,EcoBosque Urbano
10/08/2024 17:12:55,1/05/2022,120,EcoBosque Urbano
10/08/2024 17:13:28,12/06/2022,80,EcoBosque Urbano
10/08/2024 17:14:06,10/07/2022,70,EcoBosque Urbano
10/08/2024 17:14:36,24/07/2022,50,EcoBosque Urbano
10/08/2024 17:15:35,7/08/2022,85,EcoBosque Urbano
10/08/2024 17:16:06,14/08/2022,65,EcoBosque Urbano
10/08/2024 17:21:51,21/08/2022,60,EcoBosque Urbano
10/08/2024 17:22:15,28/08/2022,60,EcoBosque Urbano
10/08/2024 17:22:44,4/09/2022,80,EcoBosque Urbano
10/08/2024 17:23:15,7/09/2022,70,EcoBosque Urbano
10/08/2024 17:27:16,11/09/2022,85,EcoBosque Urbano
10/08/2024 17:27:55,18/09/2022,80,EcoBosque Urbano
10/08/2024 17:28:25,24/09/2022,100,EcoBosque Urbano
10/08/2024 17:34:35,9/10/2022,80,EcoBosque Urbano
10/08/2024 17:35:04,16/10/2022,50,EcoBosque Urbano
10/08/2024 17:37:25,30/10/2022,120,EcoBosque Urbano
10/08/2024 17:39:43,5/11/2022,60,EcoBosque Urbano
10/08/2024 17:40:18,13/11/2022,60,EcoBosque Urbano
10/08/2024 17:42:17,13/11/2022,60,EcoBosque Urbano
10/08/2024 17:43:03,20/11/2022,60,EcoBosque Urbano
10/08/2024 17:43:30,27/11/2022,90,EcoBosque Urbano
10/08/2024 17:51:58,13/01/2023,80,EcoBosque Urbano
10/08/2024 17:52:37,29/01/2023,65,EcoBosque Urbano
10/08/2024 17:53:06,25/02/2023,60,EcoBosque Urbano
10/08/2024 17:53:27,4/03/2023,80,EcoBosque Urbano
10/08/2024 17:53:52,11/03/2023,80,EcoBosque Urbano
10/08/2024 17:54:29,18/03/2023,80,EcoBosque Urbano
10/08/2024 17:54:55,25/03/2023,60,EcoBosque Urbano
10/08/2024 17:55:33,1/04/2023,95,EcoBosque Urbano
10/08/2024 17:55:54,16/04/2023,90,EcoBosque Urbano
10/08/2024 17:56:19,22/04/2023,80,EcoBosque Urbano
10/08/2024 17:56:51,29/04/2023,60,EcoBosque Urbano
10/08/2024 17:57:10,7/05/2023,50,EcoBosque Urbano
10/08/2024 17:57:36,21/05/2023,80,EcoBosque Urbano
10/08/2024 17:58:04,4/06/2023,100,EcoBosque Urbano
10/08/2024 17:58:44,10/06/2023,100,EcoBosque Urbano
10/08/2024 17:59:08,24/06/2023,130,EcoBosque Urbano
10/08/2024 17:59:36,9/07/2023,30,EcoBosque Urbano
10/08/2024 18:00:01,16/07/2023,110,EcoBosque Urbano
10/08/2024 18:00:27,23/07/2023,80,EcoBosque Urbano
10/08/2024 18:00:56,6/08/2023,90,EcoBosque Urbano
10/08/2024 18:01:23,20/08/2023,80,EcoBosque Urbano
10/08/2024 18:01:50,1/09/2023,80,EcoBosque Urbano
10/08/2024 18:02:15,9/09/2023,50,EcoBosque Urbano
10/08/2024 18:27:41,17/09/2023,60,EcoBosque Urbano
10/08/2024 18:28:04,17/09/2023,90,EcoBosque Urbano
10/08/2024 18:29:44,1/10/2023,100,EcoBosque Urbano
10/08/2024 18:30:08,24/10/2023,75,EcoBosque Urbano
10/08/2024 18:30:34,5/11/2023,60,EcoBosque Urbano
10/08/2024 18:33:10,18/11/2023,50,EcoBosque Urbano
10/08/2024 18:33:52,26/11/2023,100,EcoBosque Urbano
10/08/2024 18:34:17,3/12/2023,70,EcoBosque Urbano
10/08/2024 18:35:13,17/12/2023,80,EcoBosque Urbano
10/08/2024 18:36:05,13/01/2024,60,EcoBosque Urbano
10/08/2024 18:45:27,21/01/2024,80,EcoBosque Urbano
10/08/2024 18:47:12,28/01/2024,100,EcoBosque Urbano
10/08/2024 18:47:38,11/02/2024,100,EcoBosque Urbano
10/08/2024 18:48:15,18/02/2024,100,EcoBosque Urbano
10/08/2024 18:48:46,25/02/2024,80,EcoBosque Urbano
10/08/2024 18:49:18,3/03/2024,80,EcoBosque Urbano
10/08/2024 18:51:57,10/03/2024,80,EcoBosque Urbano
10/08/2024 18:52:24,17/03/2024,80,EcoBosque Urbano
10/08/2024 18:52:45,7/04/2024,120,EcoBosque Urbano
10/08/2024 18:53:19,13/04/2024,80,EcoBosque Urbano
10/08/2024 18:53:40,21/04/2024,80,EcoBosque Urbano
10/08/2024 18:54:02,27/04/2024,60,EcoBosque Urbano
10/08/2024 18:54:33,27/04/2024,60,EcoBosque Urbano
10/08/2024 18:54:52,5/05/2024,60,EcoBosque Urbano
10/08/2024 18:55:21,12/05/2024,70,EcoBosque Urbano
10/08/2024 18:55:39,19/05/2024,90,EcoBosque Urbano
10/08/2024 18:56:27,26/05/2024,80,EcoBosque Urbano
10/08/2024 18:58:14,1/06/2024,80,EcoBosque Urbano
10/08/2024 19:05:55,8/06/2024,80,EcoBosque Urbano
10/08/2024 19:06:19,16/06/2024,60,EcoBosque Urbano
10/08/2024 19:06:44,22/06/2024,70,EcoBosque Urbano
10/08/2024 19:07:19,7/07/2024,140,EcoBosque Urbano
10/08/2024 19:07:45,14/07/2024,90,EcoBosque Urbano
10/08/2024 21:29:12,21/07/2024,80,EcoBosque Urbano
10/08/2024 21:31:49,3/08/2024,100,EcoBosque Urbano
10/08/2024 21:32:12,10/08/2024,70,EcoBosque Urbano
11/08/2024 10:55:10,4/08/2024,13,Bonanza
11/08/2024 13:29:51,11/08/2024,85,Resiliencia
11/08/2024 13:31:31,11/08/2024,56,Huitaca
11/08/2024 20:47:38,11/08/2024,"81,4",Tochua
15/08/2024 8:01:54,11/08/2024,22,Bonanza
15/08/2024 9:58:59,15/08/2024,"0,25",Paca del IBC
19/08/2024 16:21:03,18/08/2024,"54,2",EcoBosque Urbano
20/08/2024 17:57:11,18/08/2024,13,Quinzata
20/08/2024 18:20:52,20/08/2024,23,Lafinca369
21/08/2024 5:31:11,18/08/2024,10,Bonanza
21/08/2024 5:38:04,18/08/2024,10,Bonanza
24/08/2024 10:25:22,24/08/2024,213,Sendero Colibrí
25/08/2024 12:15:18,25/08/2024,108,Resiliencia
25/08/2024 21:49:32,25/08/2024,90,Huitaca
26/08/2024 11:15:13,25/08/2024,"95,5",Tochua
27/08/2024 20:28:32,25/08/2024,14,Quinzata
30/08/2024 17:24:15,30/08/2024,14,Lafinca369
1/09/2024 6:59:49,1/09/2024,40,MuisKmu
1/09/2024 12:04:36,1/09/2024,102,Resiliencia
2/09/2024 7:42:27,1/09/2024,14,Bonanza
2/09/2024 7:54:05,1/09/2024,71,Tochua
2/09/2024 18:30:19,1/09/2024,13,Quinzata
3/09/2024 10:21:16,1/09/2024,87,Huitaca
3/09/2024 13:55:43,3/09/2024,17,Paca del IBC
8/09/2024 12:42:14,8/09/2024,138,Resiliencia
8/09/2024 13:31:59,8/09/2024,"102,8",Tochua
13/09/2024 17:41:22,8/09/2024,22,Bonanza
15/09/2024 12:04:08,15/09/2024,100,Resiliencia
15/09/2024 14:11:52,15/09/2024,94,Bosque Urbano Canal Boyacá
15/09/2024 18:11:37,15/09/2024,68,Tochua
17/09/2024 22:00:42,15/09/2024,25,Bonanza
17/09/2024 22:02:31,15/09/2024,25,Bonanza
19/09/2024 15:12:04,19/09/2024,17,Lafinca369
22/09/2024 16:25:19,22/03/2024,"73,4",Tochua
22/09/2024 20:51:50,22/09/2024,11,Quinzata
22/09/2024 20:52:12,15/09/2024,12,Quinzata
23/09/2024 22:32:20,22/09/2024,130,Resiliencia
24/09/2024 13:55:02,24/09/2024,13,Lafinca369
25/09/2024 9:37:07,24/09/2024,"7,25",Paca del IBC
26/09/2024 12:02:06,8/09/2024,25,Quinzata
26/09/2024 12:04:30,19/09/2024,5,Quinzata
28/09/2024 16:00:09,15/09/2024,85,Huitaca
28/09/2024 16:00:39,22/09/2024,110,Huitaca
28/09/2024 16:53:55,28/09/2024,8,Quinzata
29/09/2024 13:17:08,29/09/2024,"77,7",Sendero Colibrí
29/09/2024 13:29:43,29/09/2024,"72,5",EcoBosque Urbano
29/09/2024 13:30:21,22/09/2024,70,EcoBosque Urbano
29/09/2024 13:31:48,15/09/2024,"80,1",EcoBosque Urbano
29/09/2024 13:38:36,25/08/2024,65,EcoBosque Urbano
29/09/2024 18:04:25,29/09/2024,66,Huitaca
1/10/2024 22:34:17,29/09/2024,20,Bonanza
6/10/2024 9:44:05,6/10/2024,21,Lafinca369
6/10/2024 15:37:22,6/10/2024,"108,3",Huitaca
6/10/2024 15:40:10,6/10/2024,122,Resiliencia
6/10/2024 22:17:20,5/10/2024,85,Resiliencia
12/10/2024 13:26:50,12/10/2024,90,Sendero Colibrí
12/10/2024 15:32:01,28/04/2024,90,Círculo de Xué
12/10/2024 15:49:49,6/10/2024,12,Bonanza
13/10/2024 20:28:47,13/10/2024,88,Tochua
15/10/2024 13:54:23,13/10/2024,30,Bonanza
16/10/2024 8:37:29,13/10/2024,95,Huitaca
16/10/2024 16:11:35,13/10/2024,160,Paquerxs del Neuque
16/10/2024 17:44:56,6/10/2024,79,EcoBosque Urbano
16/10/2024 17:45:52,13/10/2024,43,EcoBosque Urbano
20/10/2024 15:44:17,20/10/2024,110,Resiliencia
20/10/2024 15:46:03,20/10/2024,16,Resiliencia
26/10/2024 12:51:05,26/10/2024,"66,2",Sendero Colibrí
27/10/2024 12:51:56,27/10/2024,120,Resiliencia
27/10/2024 21:17:50,27/10/2024,20,Quinzata
29/10/2024 6:18:51,25/10/2024,"20,77",Paca del IBC
3/11/2024 14:13:00,3/11/2024,18,Bonanza
4/11/2024 8:56:25,27/10/2024,40,Huitaca
4/11/2024 8:57:26,3/11/2024,80,Huitaca
4/11/2024 10:50:51,4/11/2024,"5,5",Quinzata
5/11/2024 19:12:25,1/11/2024,22,Lafinca369
7/11/2024 17:36:04,3/11/2024,66,EcoBosque Urbano
9/11/2024 10:19:31,5/10/2024,124,Bosque Urbano Canal Boyacá
9/11/2024 11:48:02,9/11/2024,81,Sendero Colibrí
10/11/2024 15:19:04,10/11/2024,210,Paquerxs del Neuque
10/11/2024 22:35:00,10/11/2024,35,Huitaca
11/11/2024 11:16:22,11/11/2024,20,Bonanza
11/11/2024 18:20:35,11/11/2024,"86,1",Tochua
11/11/2024 22:25:50,11/11/2024,111,Casa Basura Cero
14/11/2024 10:18:57,14/11/2024,39,Lafinca369
16/11/2024 8:01:38,14/11/2024,"23,76",Paca del IBC
17/11/2024 12:27:34,17/11/2024,8,Bonanza
19/11/2024 11:12:55,19/11/2024,9,Lafinca369
23/11/2024 14:31:25,23/11/2024,56,Sendero Colibrí
23/11/2024 19:53:32,10/11/2024,86,Resiliencia
24/11/2024 11:00:00,24/11/2024,9,Lafinca369
24/11/2024 11:41:42,24/11/2024,29,Bonanza
24/11/2024 16:20:04,24/11/2024,"84,5",Tochua
26/11/2024 4:53:09,24/11/2024,220,Paquerxs del Neuque
26/11/2024 12:23:38,24/11/2024,109,Resiliencia
26/11/2024 15:45:48,24/11/2024,60,Huitaca
1/12/2024 12:42:53,1/12/2024,"46,5",Xiegua
1/12/2024 16:32:51,1/12/2024,120,Resiliencia
4/12/2024 11:20:59,4/12/2024,23,Lafinca369
7/12/2024 12:03:19,7/12/2024,98,Sendero Colibrí
8/12/2024 11:30:21,8/12/2024,54,Bonanza
8/12/2024 16:19:50,8/12/2024,182,Paquerxs del Neuque
8/12/2024 18:33:38,21/03/2021,255,Paquerxs del Neuque
9/12/2024 11:38:10,8/12/2024,"36,1",Xiegua
9/12/2024 21:23:31,6/12/2024,12,Quinzata
11/12/2024 8:48:31,11/12/2024,20,Lafinca369
13/12/2024 16:52:53,20/10/2024,75,Bosque Urbano Canal Boyacá
13/12/2024 16:55:07,27/10/2024,45,EcoBosque Urbano
13/12/2024 16:57:41,10/11/2024,25,EcoBosque Urbano
13/12/2024 16:59:02,17/11/2024,40,EcoBosque Urbano
13/12/2024 17:00:04,24/11/2024,"48,6",EcoBosque Urbano
15/12/2024 11:29:38,15/12/2024,52,Nodo paquero la 33
17/12/2024 17:30:55,15/12/2024,14,Bonanza
21/12/2024 9:11:34,15/12/2024,75,Huitaca
22/12/2024 11:51:35,22/12/2024,48,Bonanza
22/12/2024 13:28:15,22/12/2024,48,Tochua
23/12/2024 14:03:38,7/12/2024,192,Agroecologica Muyso
27/12/2024 1:51:25,6/01/2024,200,Agroecologica Muyso
27/12/2024 1:52:01,3/02/2024,220,Agroecologica Muyso
27/12/2024 1:52:40,2/03/2024,195,Agroecologica Muyso
27/12/2024 1:53:17,30/03/2024,210,Agroecologica Muyso
27/12/2024 1:53:50,5/05/2024,215,Agroecologica Muyso
27/12/2024 1:54:19,25/05/2024,280,Agroecologica Muyso
27/12/2024 1:54:58,22/06/2024,250,Agroecologica Muyso
27/12/2024 1:55:33,20/07/2024,382,Agroecologica Muyso
27/12/2024 1:56:20,3/08/2024,230,Agroecologica Muyso
27/12/2024 1:56:43,31/08/2024,207,Agroecologica Muyso
27/12/2024 1:57:08,14/09/2024,175,Agroecologica Muyso
27/12/2024 1:57:44,28/09/2024,188,Agroecologica Muyso
27/12/2024 1:58:15,26/10/2024,196,Agroecologica Muyso
27/12/2024 1:58:50,9/11/2024,157,Agroecologica Muyso
27/12/2024 1:59:15,23/11/2024,176,Agroecologica Muyso
27/12/2024 1:59:54,7/12/2024,192,Agroecologica Muyso
28/12/2024 9:02:19,22/12/2024,174,Paquerxs del Neuque
29/12/2024 19:03:34,29/12/2024,"110,7",EcoBosque Urbano
30/12/2024 14:27:41,24/11/2024,124,Bosque Urbano Canal Boyacá
31/12/2024 9:39:53,31/12/2024,34,Lafinca369
6/01/2025 1:11:50,5/01/2025,84,Tochua
6/01/2025 11:44:59,22/12/2024,52,Bonanza
6/01/2025 11:45:35,29/12/2024,12,Bonanza
6/01/2025 11:46:27,6/01/2025,40,Bonanza
8/01/2025 17:33:21,4/01/2025,130,Agroecologica Muyso
8/01/2025 18:50:26,19/12/2024,120,Colectivo el Planchón Ecológico
8/01/2025 18:51:49,21/12/2024,100,Colectivo el Planchón Ecológico
8/01/2025 18:52:57,24/12/2024,150,Colectivo el Planchón Ecológico
8/01/2025 18:53:29,26/12/2024,120,Colectivo el Planchón Ecológico
8/01/2025 18:54:01,28/12/2024,100,Colectivo el Planchón Ecológico
8/01/2025 18:54:40,31/12/2024,150,Colectivo el Planchón Ecológico
8/01/2025 18:55:24,2/01/2025,120,Colectivo el Planchón Ecológico
8/01/2025 18:58:22,7/01/2025,70,Colectivo el Planchón Ecológico
8/01/2025 19:00:09,19/12/2024,100,Ecompostaje los guayabales
8/01/2025 19:01:55,21/12/2024,150,Ecompostaje los guayabales
8/01/2025 19:02:48,24/12/2024,180,Ecompostaje los guayabales
8/01/2025 19:04:06,26/12/2024,120,Ecompostaje los guayabales
8/01/2025 19:04:53,28/12/2024,150,Ecompostaje los guayabales
8/01/2025 19:05:40,31/12/2024,200,Ecompostaje los guayabales
8/01/2025 19:06:34,2/01/2025,100,Ecompostaje los guayabales
8/01/2025 19:07:16,4/01/2025,120,Ecompostaje los guayabales
8/01/2025 19:08:00,7/01/2025,50,Ecompostaje los guayabales
8/01/2025 19:11:55,21/12/2024,40,Colectivo Cancha Grande
8/01/2025 19:12:51,24/12/2024,80,Colectivo Cancha Grande
8/01/2025 19:14:19,28/12/2024,70,Colectivo Cancha Grande
8/01/2025 19:15:57,31/12/2024,100,Colectivo Cancha Grande
8/01/2025 19:17:06,4/01/2025,100,Colectivo Cancha Grande
8/01/2025 19:17:56,7/01/2025,50,Colectivo Cancha Grande
8/01/2025 19:26:36,26/12/2024,150,Paqueros Parque de los Guatines
8/01/2025 19:28:03,3/01/2025,180,Paqueros Parque de los Guatines
8/01/2025 19:29:43,20/12/2024,160,Punto de Acopio Granados
8/01/2025 19:30:38,27/12/2024,150,Punto de Acopio Granados
8/01/2025 19:32:05,3/01/2025,180,Punto de Acopio Granados
9/01/2025 21:33:19,9/01/2025,90,Colectivo el Planchón Ecológico
12/01/2025 11:20:41,12/01/2025,8,Quinzata
12/01/2025 14:48:11,12/01/2025,106,Huitaca
12/01/2025 15:31:37,12/01/2025,7,Quinzata
15/01/2025 10:48:54,15/01/2025,13,Fapqua
19/01/2025 17:49:52,19/01/2025,21,Bonanza
30/01/2025 7:17:19,19/01/2025,98,Bosque Urbano Canal Boyacá
30/01/2025 13:16:32,4/01/2025,130,Agroecologica Muyso
30/01/2025 13:22:16,18/01/2025,163,Agroecologica Muyso
31/01/2025 12:54:00,22/01/2025,22,Lafinca369
31/01/2025 12:54:23,29/01/2025,13,Lafinca369
31/01/2025 15:34:50,9/01/2025,90,Colectivo el Planchón Ecológico
31/01/2025 15:35:23,11/01/2025,120,Colectivo el Planchón Ecológico
31/01/2025 15:36:48,14/01/2025,120,Colectivo el Planchón Ecológico
31/01/2025 15:37:22,16/01/2025,90,Colectivo el Planchón Ecológico
31/01/2025 15:39:02,18/01/2025,100,Colectivo el Planchón Ecológico
31/01/2025 15:39:27,21/01/2025,150,Colectivo el Planchón Ecológico
31/01/2025 15:39:57,23/01/2025,100,Colectivo el Planchón Ecológico
31/01/2025 15:40:24,28/01/2025,100,Colectivo el Planchón Ecológico
31/01/2025 15:40:51,30/01/2025,110,Colectivo el Planchón Ecológico
31/01/2025 15:49:42,9/01/2025,120,Punto de Acopio Granados
31/01/2025 15:50:21,16/01/2025,100,Punto de Acopio Granados
31/01/2025 15:50:51,21/01/2025,100,Punto de Acopio Granados
31/01/2025 15:51:26,30/01/2025,120,Punto de Acopio Granados
31/01/2025 15:52:15,10/01/2025,120,Paqueros Parque de los Guatines
31/01/2025 15:53:05,17/01/2025,100,Paqueros Parque de los Guatines
31/01/2025 15:53:31,24/01/2025,110,Paqueros Parque de los Guatines
31/01/2025 15:54:01,31/01/2025,120,Paqueros Parque de los Guatines
31/01/2025 15:54:55,9/01/2025,200,Ecompostaje los guayabales
31/01/2025 15:55:22,11/01/2025,150,Ecompostaje los guayabales
31/01/2025 15:55:44,14/01/2025,100,Ecompostaje los guayabales
31/01/2025 15:56:12,16/01/2025,80,Ecompostaje los guayabales
31/01/2025 16:14:03,16/01/2025,80,Ecompostaje los guayabales
31/01/2025 16:14:31,18/01/2025,120,Ecompostaje los guayabales
31/01/2025 16:15:10,23/01/2025,250,Ecompostaje los guayabales
31/01/2025 16:15:33,28/01/2025,120,Ecompostaje los guayabales
31/01/2025 16:16:02,31/01/2025,230,Ecompostaje los guayabales
1/02/2025 18:42:28,1/02/2025,"71,8",Sendero Colibrí
2/02/2025 12:22:23,2/02/2025,45,Bonanza
2/02/2025 18:47:42,2/02/2025,"63,2",Tochua
3/02/2025 7:08:02,2/02/2025,127,Paquerxs del Neuque
3/02/2025 7:09:51,19/01/2025,150,Paquerxs del Neuque
3/02/2025 20:34:38,1/02/2025,171,Agroecologica Muyso
9/02/2025 8:28:35,9/02/2025,11,Quinzata
9/02/2025 9:22:47,9/02/2025,12,Lafinca369
9/02/2025 11:34:59,9/02/2025,17,Bonanza
9/02/2025 13:31:31,2/02/2025,"50,4",EcoBosque Urbano
9/02/2025 13:32:09,9/02/2025,34,EcoBosque Urbano
9/02/2025 13:53:51,9/02/2025,40,Xiegua
9/02/2025 14:03:42,15/12/2024,"26,6",Xiegua
9/02/2025 14:07:32,21/12/2024,25,Xiegua
9/02/2025 14:10:53,29/12/2024,35,Xiegua
9/02/2025 14:12:45,5/01/2025,"47,2",Xiegua
9/02/2025 14:15:31,12/01/2025,"46,1",Xiegua
9/02/2025 14:16:00,19/01/2025,40,Xiegua
9/02/2025 14:17:20,26/01/2025,"39,3",Xiegua
9/02/2025 14:21:49,1/02/2025,"34,6",Xiegua
10/02/2025 15:19:34,1/02/2025,100,Colectivo el Planchón Ecológico
10/02/2025 15:20:07,4/02/2025,120,Colectivo el Planchón Ecológico
10/02/2025 15:20:39,7/02/2025,60,Colectivo el Planchón Ecológico
10/02/2025 15:21:18,7/02/2025,150,Punto de Acopio Granados
10/02/2025 15:21:56,5/02/2025,140,Paqueros Parque de los Guatines
10/02/2025 15:23:10,4/02/2025,250,Ecompostaje los guayabales
10/02/2025 15:23:56,8/02/2025,210,Ecompostaje los guayabales
11/02/2025 8:24:47,9/02/2025,"103,1",Tochua
15/02/2025 9:11:48,15/02/2025,15,Lafinca369
16/02/2025 15:58:14,16/02/2025,"98,1",Paquerxs del Neuque
18/02/2025 15:50:33,17/02/2025,12,Lafinca369
22/02/2025 19:10:59,21/05/2023,490,Paquerxs Unidos - Andes
23/02/2025 9:32:16,23/02/2025,7,Lafinca369
23/02/2025 11:38:29,23/02/2025,164,Huitaca
23/02/2025 11:46:37,16/02/2025,26,Bonanza
23/02/2025 12:01:28,23/02/2025,"98,7",Tochua
23/02/2025 14:59:00,23/02/2025,20,Bonanza
2/03/2025 10:46:15,2/03/2025,15,Lafinca369
2/03/2025 11:45:56,2/03/2025,41,Huitaca
2/03/2025 11:51:06,2/03/2025,43,Bonanza
2/03/2025 15:52:48,2/03/2025,"54,3",Xiegua
2/03/2025 16:04:47,16/02/2025,21,Xiegua
2/03/2025 16:06:35,23/02/2025,"28,1",Xiegua
8/03/2025 14:37:20,8/03/2025,13,Lafinca369
9/03/2025 13:43:08,9/03/2025,"89,9",Tochua
9/03/2025 15:28:56,9/03/2025,420,Paquerxs Unidos - Andes
9/03/2025 15:30:38,23/02/2025,440,Paquerxs Unidos - Andes
9/03/2025 15:32:02,9/02/2025,470,Paquerxs Unidos - Andes
12/03/2025 19:25:34,9/03/2025,"62,1",EcoBosque Urbano
14/03/2025 21:12:31,10/02/2025,100,Colectivo el Planchón Ecológico
14/03/2025 21:13:00,12/02/2025,70,Colectivo el Planchón Ecológico
14/03/2025 21:13:56,14/02/2025,120,Colectivo el Planchón Ecológico
14/03/2025 21:14:30,17/02/2025,70,Colectivo el Planchón Ecológico
14/03/2025 21:14:56,19/02/2025,90,Colectivo el Planchón Ecológico
14/03/2025 21:16:38,21/02/2025,160,Colectivo el Planchón Ecológico
14/03/2025 21:17:04,24/02/2025,70,Colectivo el Planchón Ecológico
14/03/2025 21:18:09,26/02/2025,120,Colectivo el Planchón Ecológico
14/03/2025 21:18:44,28/02/2025,130,Colectivo el Planchón Ecológico
14/03/2025 21:19:09,3/03/2025,50,Colectivo el Planchón Ecológico
14/03/2025 21:20:16,5/03/2025,140,Colectivo Cancha Grande
14/03/2025 21:20:38,7/03/2025,60,Colectivo el Planchón Ecológico
14/03/2025 21:21:45,7/03/2025,140,Colectivo el Planchón Ecológico
14/03/2025 21:22:17,10/03/2025,80,Colectivo el Planchón Ecológico
14/03/2025 21:22:40,12/03/2025,110,Colectivo el Planchón Ecológico
14/03/2025 21:23:04,14/03/2025,140,Colectivo el Planchón Ecológico
14/03/2025 21:26:36,12/02/2025,120,Punto de Acopio Granados
14/03/2025 21:27:04,19/02/2025,90,Punto de Acopio Granados
14/03/2025 21:27:35,26/02/2025,110,Punto de Acopio Granados
14/03/2025 21:28:13,5/03/2025,140,Punto de Acopio Granados
14/03/2025 21:28:44,12/03/2025,160,Punto de Acopio Granados
14/03/2025 21:42:24,13/02/2025,90,Paqueros Parque de los Guatines
14/03/2025 21:42:52,20/02/2025,100,Paqueros Parque de los Guatines
14/03/2025 21:43:19,27/02/2025,120,Paqueros Parque de los Guatines
14/03/2025 21:43:54,6/03/2025,80,Paqueros Parque de los Guatines
14/03/2025 21:44:23,13/03/2025,160,Paqueros Parque de los Guatines
14/03/2025 21:57:24,11/02/2025,120,Ecompostaje los guayabales
14/03/2025 21:57:55,15/02/2025,180,Ecompostaje los guayabales
14/03/2025 21:58:20,18/02/2025,150,Ecompostaje los guayabales
14/03/2025 21:58:57,22/03/2025,130,Ecompostaje los guayabales
14/03/2025 21:59:23,25/02/2025,170,Ecompostaje los guayabales
14/03/2025 21:59:49,1/03/2025,205,Ecompostaje los guayabales
14/03/2025 22:00:14,8/03/2025,250,Ecompostaje los guayabales
14/03/2025 22:00:38,11/03/2025,150,Ecompostaje los guayabales
16/03/2025 10:41:20,16/03/2025,18,Lafinca369
16/03/2025 12:00:42,16/03/2025,40,Bonanza
16/03/2025 16:05:46,16/03/2025,50,MuisKmu
16/03/2025 16:50:24,16/03/2025,"102,9",Tochua
16/03/2025 18:43:38,2/03/2025,"46,4",Xiegua
16/03/2025 18:44:03,16/03/2025,53,Xiegua
18/03/2025 12:43:56,15/02/2025,149,Agroecologica Muyso
18/03/2025 12:56:38,1/03/2025,147,Agroecologica Muyso
18/03/2025 13:15:03,15/03/2025,165,Agroecologica Muyso
18/03/2025 17:59:36,9/03/2025,120,Huitaca
21/03/2025 15:19:14,10/09/2023,289,Paquerxs Unidos - Andes
21/03/2025 15:26:01,27/08/2023,321,Paquerxs Unidos - Andes
21/03/2025 15:28:29,24/09/2023,329,Paquerxs Unidos - Andes
21/03/2025 15:29:27,8/10/2023,"282,5",Paquerxs Unidos - Andes
23/03/2025 17:40:44,23/03/2025,"72,7",Tochua
23/03/2025 21:21:37,23/03/2025,228,Paquerxs Unidos - Andes
24/03/2025 17:54:36,24/03/2025,13,Lafinca369
26/03/2025 14:06:15,27/01/2025,"11,03",Paca del IBC
26/03/2025 14:07:26,7/03/2025,"10,25",Paca del IBC
26/03/2025 14:07:54,21/03/2025,"7,31",Paca del IBC
26/03/2025 18:33:57,5/01/2025,"180,5",Paquerxs Unidos - Brazo salitre
26/03/2025 18:34:54,19/01/2025,"221,5",Paquerxs Unidos - Brazo salitre
26/03/2025 18:35:28,2/02/2025,"207,5",Paquerxs Unidos - Brazo salitre
26/03/2025 18:36:16,16/02/2025,171,Paquerxs Unidos - Brazo salitre
26/03/2025 18:36:47,2/03/2025,"178,5",Paquerxs Unidos - Brazo salitre
26/03/2025 18:37:09,16/03/2025,165,Paquerxs Unidos - Brazo salitre
26/03/2025 18:41:04,14/07/2024,"222,5",Paquerxs Unidos - Brazo salitre
26/03/2025 18:41:42,28/07/2024,"232,5",Paquerxs Unidos - Brazo salitre
26/03/2025 18:42:19,4/08/2024,"213,5",Paquerxs Unidos - Brazo salitre
26/03/2025 18:43:01,18/08/2024,"227,5",Paquerxs Unidos - Brazo salitre
26/03/2025 18:43:36,1/09/2024,241,Paquerxs Unidos - Brazo salitre
26/03/2025 18:44:08,15/09/2024,"245,5",Paquerxs Unidos - Brazo salitre
26/03/2025 18:44:41,29/09/2024,245,Paquerxs Unidos - Brazo salitre
26/03/2025 18:45:17,13/10/2024,208,Paquerxs Unidos - Brazo salitre
26/03/2025 18:45:48,27/10/2024,"210,5",Paquerxs Unidos - Brazo salitre
26/03/2025 18:50:25,10/11/2024,199,Paquerxs Unidos - Brazo salitre
26/03/2025 18:50:57,24/11/2024,"183,5",Paquerxs Unidos - Brazo salitre
26/03/2025 18:57:19,8/12/2024,181,Paquerxs Unidos - Brazo salitre
26/03/2025 18:57:49,22/12/2024,239,Paquerxs Unidos - Brazo salitre
26/03/2025 18:58:26,7/01/2024,250,Paquerxs Unidos - Brazo salitre
26/03/2025 18:58:58,21/01/2024,"238,5",Paquerxs Unidos - Brazo salitre
26/03/2025 18:59:32,4/02/2024,"190,5",Paquerxs Unidos - Brazo salitre
26/03/2025 19:00:03,18/02/2024,"209,5",Paquerxs Unidos - Brazo salitre
26/03/2025 19:00:44,3/03/2024,238,Paquerxs Unidos - Brazo salitre
26/03/2025 19:01:54,17/03/2024,"172,5",Paquerxs Unidos - Brazo salitre
26/03/2025 19:02:44,31/03/2024,173,Paquerxs Unidos - Brazo salitre
26/03/2025 19:03:25,14/04/2024,"184,5",Paquerxs Unidos - Brazo salitre
26/03/2025 19:04:05,28/04/2024,"186,5",Paquerxs Unidos - Brazo salitre
26/03/2025 19:05:22,12/05/2024,"250,5",Paquerxs Unidos - Brazo salitre
26/03/2025 19:05:55,26/05/2024,220,Paquerxs Unidos - Brazo salitre
26/03/2025 19:06:29,9/06/2024,219,Paquerxs Unidos - Brazo salitre
26/03/2025 19:07:09,23/06/2024,239,Paquerxs Unidos - Brazo salitre
26/03/2025 19:07:49,9/07/2023,228,Paquerxs Unidos - Brazo salitre
26/03/2025 19:08:29,23/07/2023,"233,5",Paquerxs Unidos - Brazo salitre
26/03/2025 19:09:04,6/08/2023,"244,5",Paquerxs Unidos - Brazo salitre
26/03/2025 19:09:34,20/08/2023,"286,5",Paquerxs Unidos - Brazo salitre
26/03/2025 19:10:12,3/09/2023,200,Paquerxs Unidos - Brazo salitre
26/03/2025 19:10:43,17/09/2023,195,Paquerxs Unidos - Brazo salitre
26/03/2025 19:11:14,1/10/2023,"212,5",Paquerxs Unidos - Brazo salitre
26/03/2025 19:11:46,15/10/2023,217,Paquerxs Unidos - Brazo salitre
26/03/2025 19:12:27,29/10/2023,195,Paquerxs Unidos - Brazo salitre
26/03/2025 19:13:03,12/11/2023,"172,5",Paquerxs Unidos - Brazo salitre
26/03/2025 19:13:42,26/11/2023,"193,5",Paquerxs Unidos - Brazo salitre
26/03/2025 19:14:24,10/12/2023,"182,5",Paquerxs Unidos - Brazo salitre
26/03/2025 19:15:08,24/12/2023,"193,5",Paquerxs Unidos - Brazo salitre
26/03/2025 19:15:48,8/01/2023,228,Paquerxs Unidos - Brazo salitre
26/03/2025 19:16:22,22/01/2023,"233,5",Paquerxs Unidos - Brazo salitre
26/03/2025 19:16:55,5/02/2023,"217,5",Paquerxs Unidos - Brazo salitre
26/03/2025 19:17:29,19/02/2023,225,Paquerxs Unidos - Brazo salitre
26/03/2025 19:18:06,5/03/2023,"237,5",Paquerxs Unidos - Brazo salitre
26/03/2025 19:18:45,19/03/2023,251,Paquerxs Unidos - Brazo salitre
26/03/2025 19:25:26,2/04/2023,249,Paquerxs Unidos - Brazo salitre
26/03/2025 19:26:00,16/04/2023,224,Paquerxs Unidos - Brazo salitre
26/03/2025 19:39:27,30/04/2023,211,Paquerxs Unidos - Brazo salitre
26/03/2025 19:40:02,14/05/2023,188,Paquerxs Unidos - Brazo salitre
26/03/2025 19:40:40,28/05/2023,168,Paquerxs Unidos - Brazo salitre
26/03/2025 19:41:22,11/06/2023,230,Paquerxs Unidos - Brazo salitre
26/03/2025 19:41:59,25/06/2023,258,Paquerxs Unidos - Brazo salitre
26/03/2025 19:42:58,26/07/2020,90,Paquerxs Unidos - Brazo salitre
26/03/2025 19:43:47,16/08/2020,100,Paquerxs Unidos - Brazo salitre
26/03/2025 19:44:32,30/08/2020,168,Paquerxs Unidos - Brazo salitre
26/03/2025 19:45:17,13/09/2020,180,Paquerxs Unidos - Brazo salitre
26/03/2025 19:46:06,27/09/2020,168,Paquerxs Unidos - Brazo salitre
26/03/2025 19:47:39,11/10/2020,88,Paquerxs Unidos - Brazo salitre
26/03/2025 19:48:30,25/10/2020,264,Paquerxs Unidos - Brazo salitre
26/03/2025 19:49:16,8/11/2020,91,Paquerxs Unidos - Brazo salitre
26/03/2025 19:50:08,22/11/2020,195,Paquerxs Unidos - Brazo salitre
26/03/2025 19:50:58,6/12/2020,192,Paquerxs Unidos - Brazo salitre
26/03/2025 19:51:29,20/12/2020,200,Paquerxs Unidos - Brazo salitre
26/03/2025 19:52:17,3/01/2021,169,Paquerxs Unidos - Brazo salitre
26/03/2025 19:53:01,17/01/2021,163,Paquerxs Unidos - Brazo salitre
26/03/2025 19:53:44,31/01/2021,231,Paquerxs Unidos - Brazo salitre
26/03/2025 19:54:22,14/02/2021,233,Paquerxs Unidos - Brazo salitre
26/03/2025 19:55:49,28/02/2021,263,Paquerxs Unidos - Brazo salitre
26/03/2025 19:56:35,14/03/2021,238,Paquerxs Unidos - Brazo salitre
26/03/2025 19:57:09,28/03/2021,263,Paquerxs Unidos - Brazo salitre
26/03/2025 19:57:58,9/04/2021,154,Paquerxs Unidos - Brazo salitre
26/03/2025 19:58:30,11/04/2021,210,Paquerxs Unidos - Brazo salitre
26/03/2025 19:59:15,25/04/2021,215,Paquerxs Unidos - Brazo salitre
26/03/2025 20:00:00,9/05/2021,195,Paquerxs Unidos - Brazo salitre
26/03/2025 20:00:35,23/05/2021,200,Paquerxs Unidos - Brazo salitre
26/03/2025 20:01:16,6/06/2021,205,Paquerxs Unidos - Brazo salitre
26/03/2025 20:01:54,20/06/2021,195,Paquerxs Unidos - Brazo salitre
26/03/2025 20:02:28,4/07/2021,172,Paquerxs Unidos - Brazo salitre
26/03/2025 20:03:01,18/07/2021,188,Paquerxs Unidos - Brazo salitre
26/03/2025 20:03:45,1/08/2021,195,Paquerxs Unidos - Brazo salitre
26/03/2025 20:05:08,15/08/2021,205,Paquerxs Unidos - Brazo salitre
26/03/2025 20:06:38,29/08/2021,211,Paquerxs Unidos - Brazo salitre
26/03/2025 20:07:19,12/09/2021,222,Paquerxs Unidos - Brazo salitre
26/03/2025 20:08:03,26/09/2021,251,Paquerxs Unidos - Brazo salitre
26/03/2025 20:08:40,10/10/2021,188,Paquerxs Unidos - Brazo salitre
26/03/2025 20:09:16,24/10/2021,177,Paquerxs Unidos - Brazo salitre
26/03/2025 20:09:57,7/11/2021,244,Paquerxs Unidos - Brazo salitre
26/03/2025 20:10:33,21/11/2021,183,Paquerxs Unidos - Brazo salitre
26/03/2025 20:11:25,5/12/2021,193,Paquerxs Unidos - Brazo salitre
26/03/2025 20:11:56,19/12/2021,224,Paquerxs Unidos - Brazo salitre
26/03/2025 20:12:42,2/01/2022,248,Paquerxs Unidos - Brazo salitre
26/03/2025 20:13:23,16/01/2022,222,Paquerxs Unidos - Brazo salitre
26/03/2025 20:13:59,30/01/2022,237,Paquerxs Unidos - Brazo salitre
26/03/2025 20:14:31,13/02/2022,243,Paquerxs Unidos - Brazo salitre
26/03/2025 20:15:05,27/02/2022,220,Paquerxs Unidos - Brazo salitre
26/03/2025 20:15:50,13/03/2022,243,Paquerxs Unidos - Brazo salitre
26/03/2025 20:16:45,27/03/2022,206,Paquerxs Unidos - Brazo salitre
26/03/2025 20:17:21,10/04/2022,234,Paquerxs Unidos - Brazo salitre
26/03/2025 20:17:55,24/04/2022,235,Paquerxs Unidos - Brazo salitre
26/03/2025 20:18:31,8/05/2022,205,Paquerxs Unidos - Brazo salitre
26/03/2025 20:19:05,22/05/2022,239,Paquerxs Unidos - Brazo salitre
26/03/2025 20:19:45,5/06/2022,260,Paquerxs Unidos - Brazo salitre
26/03/2025 20:20:17,19/06/2022,245,Paquerxs Unidos - Brazo salitre
26/03/2025 20:21:04,3/07/2022,237,Paquerxs Unidos - Brazo salitre
26/03/2025 20:21:38,17/07/2022,228,Paquerxs Unidos - Brazo salitre
26/03/2025 20:22:04,31/07/2022,195,Paquerxs Unidos - Brazo salitre
26/03/2025 20:22:43,14/08/2022,218,Paquerxs Unidos - Brazo salitre
26/03/2025 20:23:21,28/08/2022,222,Paquerxs Unidos - Brazo salitre
26/03/2025 20:23:50,11/09/2022,225,Paquerxs Unidos - Brazo salitre
26/03/2025 20:24:16,25/09/2022,199,Paquerxs Unidos - Brazo salitre
26/03/2025 20:24:40,9/10/2022,209,Paquerxs Unidos - Brazo salitre
26/03/2025 20:25:18,23/10/2022,213,Paquerxs Unidos - Brazo salitre
26/03/2025 20:25:53,6/11/2022,237,Paquerxs Unidos - Brazo salitre
26/03/2025 20:26:21,20/11/2022,229,Paquerxs Unidos - Brazo salitre
26/03/2025 20:27:19,4/12/2022,170,Paquerxs Unidos - Brazo salitre
26/03/2025 20:27:48,18/12/2022,162,Paquerxs Unidos - Brazo salitre
30/03/2025 10:43:11,30/03/2025,81,Paquerxs Unidos - Brazo salitre
30/03/2025 10:43:53,30/03/2025,18,Lafinca369
30/03/2025 12:03:45,30/03/2025,"47,5",Bonanza
30/03/2025 15:57:13,30/03/2025,"92,7",Tochua
30/03/2025 23:09:55,29/03/2025,151,Agroecologica Muyso
6/04/2025 12:37:47,6/04/2025,175,Paquerxs Unidos - Andes
6/04/2025 12:38:09,6/04/2025,43,Bonanza
6/04/2025 12:38:48,6/04/2025,15,Lafinca369
6/04/2025 12:39:51,23/03/2025,228,Paquerxs Unidos - Andes
6/04/2025 12:41:16,26/01/2025,205,Paquerxs Unidos - Andes
6/04/2025 12:43:03,12/01/2025,191,Paquerxs Unidos - Andes
6/04/2025 12:46:34,15/12/2024,269,Paquerxs Unidos - Andes
6/04/2025 12:51:19,1/12/2024,165,Paquerxs Unidos - Andes
6/04/2025 12:54:34,17/11/2024,163,Paquerxs Unidos - Andes
6/04/2025 12:57:54,6/10/2024,390,Paquerxs Unidos - Andes
6/04/2025 15:23:44,6/04/2025,"64,9",Tochua
6/04/2025 16:28:46,6/04/2025,15,Quinzata
6/04/2025 21:46:57,6/04/2025,"12,5",Bonanza
9/04/2025 15:18:47,6/04/2025,"78,4",Los Copetones
9/04/2025 15:25:51,6/04/2024,"37,4",Los Copetones
9/04/2025 15:27:04,17/02/2024,40,Los Copetones
9/04/2025 15:29:12,10/02/2024,62,Los Copetones
9/04/2025 15:35:53,16/04/2024,70,Los Copetones
9/04/2025 15:37:41,3/04/2024,54,Los Copetones
9/04/2025 15:38:19,16/03/2024,41,Los Copetones
9/04/2025 15:39:03,9/03/2024,50,Los Copetones
9/04/2025 15:39:43,2/03/2024,50,Los Copetones
9/04/2025 15:40:42,24/02/2024,90,Los Copetones
9/04/2025 16:05:46,16/02/2025,56,Los Copetones
10/04/2025 9:40:16,6/04/2025,11,Hishasue
13/04/2025 11:50:25,13/04/2025,55,Huitaca
13/04/2025 12:18:39,13/04/2025,65,Bonanza
13/04/2025 15:43:20,13/04/2025,149,Paquerxs Unidos - Brazo salitre
13/04/2025 21:26:39,13/04/2025,"65,3",Tochua
14/04/2025 22:51:02,18/03/2025,120,Colectivo el Planchón Ecológico
14/04/2025 22:51:35,19/03/2025,75,Colectivo el Planchón Ecológico
14/04/2025 22:52:05,25/03/2025,110,Colectivo el Planchón Ecológico
14/04/2025 22:52:44,1/04/2025,150,Colectivo el Planchón Ecológico
14/04/2025 22:53:11,4/04/2025,180,Colectivo el Planchón Ecológico
14/04/2025 22:53:44,9/04/2025,120,Colectivo el Planchón Ecológico
14/04/2025 22:54:14,12/04/2025,180,Colectivo el Planchón Ecológico
14/04/2025 22:56:43,18/03/2025,240,Punto de Acopio Granados
14/04/2025 23:00:32,19/04/2025,100,Punto de Acopio Granados
14/04/2025 23:01:15,28/03/2025,200,Punto de Acopio Granados
14/04/2025 23:01:53,26/03/2025,150,Punto de Acopio Granados
14/04/2025 23:02:27,1/04/2025,200,Punto de Acopio Granados
14/04/2025 23:02:54,5/04/2025,120,Punto de Acopio Granados
14/04/2025 23:03:23,9/04/2025,240,Punto de Acopio Granados
14/04/2025 23:03:52,12/04/2025,120,Punto de Acopio Granados
14/04/2025 23:04:56,21/03/2025,140,Paqueros Parque de los Guatines
14/04/2025 23:05:32,27/03/2025,140,Paqueros Parque de los Guatines
14/04/2025 23:06:07,3/04/2025,200,Paqueros Parque de los Guatines
14/04/2025 23:07:19,8/04/2025,120,Paqueros Parque de los Guatines
14/04/2025 23:07:51,10/04/2025,160,Paqueros Parque de los Guatines
14/04/2025 23:08:28,13/04/2025,140,Paqueros Parque de los Guatines
14/04/2025 23:14:57,25/03/2025,200,Ecompostaje los guayabales
14/04/2025 23:15:45,29/03/2025,150,Ecompostaje los guayabales
14/04/2025 23:16:13,2/04/2025,100,Ecompostaje los guayabales
14/04/2025 23:16:36,8/04/2025,130,Ecompostaje los guayabales
14/04/2025 23:17:40,12/04/2025,150,Ecompostaje los guayabales
15/04/2025 17:53:12,30/03/2025,52,EcoBosque Urbano
15/04/2025 17:54:10,6/04/2025,62,EcoBosque Urbano
18/04/2025 17:44:24,18/04/2025,120,Los Copetones
19/04/2025 11:19:52,19/04/2025,"24,5",Paquerxs Unidos - Brazo salitre
20/04/2025 14:04:25,20/04/2025,7,Quinzata
20/04/2025 14:06:41,20/04/2025,113,Tochua
20/04/2025 15:22:37,20/04/2025,45,EcoBosque Urbano
27/04/2025 12:47:48,27/04/2025,"129,5",Paquerxs del Neuque
27/04/2025 12:49:29,13/04/2025,"147,1",Paquerxs del Neuque
27/04/2025 14:48:13,27/04/2025,"99,8",Tochua
28/04/2025 11:41:00,27/04/2025,10,Resiliencia
28/04/2025 13:52:10,27/04/2025,"52,8",Bonanza
2/05/2025 9:55:22,27/04/2025,48,Resiliencia
4/05/2025 11:46:19,4/05/2025,50,Huitaca
4/05/2025 13:02:33,20/04/2025,208,Paquerxs Unidos - Andes
4/05/2025 13:02:58,4/05/2025,190,Paquerxs Unidos - Andes
4/05/2025 13:09:34,22/09/2024,150,Paquerxs Unidos - Andes
4/05/2025 13:10:04,8/09/2024,288,Paquerxs Unidos - Andes
4/05/2025 15:52:48,4/05/2025,"78,6",Tochua
5/05/2025 17:27:34,16/04/2025,150,Colectivo el Planchón Ecológico
5/05/2025 17:27:59,21/04/2025,100,Colectivo el Planchón Ecológico
5/05/2025 17:28:23,28/04/2025,150,Colectivo el Planchón Ecológico
5/05/2025 17:28:50,30/04/2025,120,Colectivo el Planchón Ecológico
5/05/2025 18:11:11,26/04/2025,80,Ecompostaje los guayabales
6/05/2025 15:28:04,6/05/2025,20,Lafinca369
11/05/2025 14:14:52,11/05/2025,97,Tochua
11/05/2025 17:52:23,11/05/2025,"132,1",Paquerxs del Neuque
13/05/2025 6:18:44,11/05/2025,91,Bonanza
13/05/2025 11:56:46,11/05/2025,25,Resiliencia
15/05/2025 23:00:47,23/03/2025,"46,4",Xiegua
15/05/2025 23:02:35,30/03/2025,40,Xiegua
15/05/2025 23:03:50,6/04/2025,41,Xiegua
15/05/2025 23:05:06,13/04/2025,25,Xiegua
15/05/2025 23:06:35,20/04/2025,"56,8",Xiegua
15/05/2025 23:10:22,27/04/2025,62,Xiegua
15/05/2025 23:12:04,4/05/2025,122,Xiegua
15/05/2025 23:13:17,11/05/2025,"29,38",Xiegua
16/05/2025 18:53:57,11/05/2025,"60,6",EcoBosque Urbano
18/05/2025 11:52:15,18/05/2025,300,Paca Recreo Frailes Pacari
18/05/2025 12:18:53,18/05/2025,"31,3",Bonanza
18/05/2025 13:12:27,18/05/2025,80,Los Copetones
18/05/2025 16:07:18,18/05/2025,28,Paquerxs del Neuque
18/05/2025 17:54:20,14/05/2025,19,Lafinca369
19/05/2025 16:42:57,18/05/2025,"71,5",EcoBosque Urbano
22/05/2025 11:24:43,10/05/2025,169,Agroecologica Muyso
23/05/2025 13:29:55,7/04/2025,"8,19",Paca del IBC
23/05/2025 13:30:17,8/05/2025,"12,51",Paca del IBC
25/05/2025 12:02:06,25/05/2025,124,Paquerxs Unidos - Brazo salitre
25/05/2025 14:00:13,25/05/2025,"93,6",Tochua
25/05/2025 14:48:28,25/05/2025,"65,2",Bonanza
27/05/2025 12:14:03,25/05/2025,87,Paquerxs del Neuque
27/05/2025 13:13:26,21/05/2025,15,Lafinca369
28/05/2025 16:21:42,25/05/2025,44,Los Copetones
1/06/2025 16:33:05,1/06/2025,"105,7",Tochua
1/06/2025 23:49:01,1/06/2025,74,EcoBosque Urbano
2/06/2025 20:18:13,17/05/2025,250,Niza9 Ecológica
2/06/2025 20:21:22,3/05/2025,250,Niza9 Ecológica
2/06/2025 20:24:41,19/04/2025,250,Niza9 Ecológica
2/06/2025 20:26:07,5/04/2025,250,Niza9 Ecológica
2/06/2025 20:27:03,22/03/2025,250,Niza9 Ecológica
2/06/2025 20:28:04,22/03/2025,250,Niza9 Ecológica
2/06/2025 20:29:19,8/03/2025,250,Niza9 Ecológica
2/06/2025 20:30:06,22/02/2025,250,Niza9 Ecológica
2/06/2025 20:30:50,8/02/2025,250,Niza9 Ecológica
2/06/2025 20:32:30,25/01/2025,250,Niza9 Ecológica
2/06/2025 20:33:15,11/01/2025,250,Niza9 Ecológica
3/06/2025 12:53:50,12/04/2025,174,Agroecologica Muyso
3/06/2025 12:54:23,26/04/2025,132,Agroecologica Muyso
3/06/2025 12:54:49,24/05/2025,169,Agroecologica Muyso
5/06/2025 18:38:11,2/06/2025,26,Bonanza
7/06/2025 15:38:00,7/06/2025,13,Lafinca369
7/06/2025 17:27:33,7/06/2025,"47,4",Los Copetones
7/06/2025 17:28:23,1/06/2025,81,Los Copetones
8/06/2025 13:06:40,8/06/2025,52,Bonanza
8/06/2025 21:34:05,8/06/2025,"84,2",Tochua
8/06/2025 22:53:19,8/06/2025,163,Paquerxs del Neuque
9/06/2025 10:41:08,8/06/2025,"61,02",EcoBosque Urbano
15/06/2025 13:46:25,14/06/2025,250,Niza9 Ecológica
15/06/2025 17:14:29,18/05/2025,180,Paquerxs Unidos - Andes
15/06/2025 17:16:38,1/06/2025,"145,6",Paquerxs Unidos - Andes
15/06/2025 17:18:16,15/06/2025,201,Paquerxs Unidos - Andes
15/06/2025 17:40:37,20/09/2020,120,Paquerxs Unidos - Andes
15/06/2025 17:43:19,4/10/2020,128,Paquerxs Unidos - Andes
15/06/2025 17:44:36,18/10/2020,112,Paquerxs Unidos - Andes
15/06/2025 17:45:12,1/11/2020,100,Paquerxs Unidos - Andes
15/06/2025 17:45:47,15/11/2020,115,Paquerxs Unidos - Andes
15/06/2025 17:46:31,29/11/2020,98,Paquerxs Unidos - Andes
15/06/2025 17:47:06,13/12/2020,125,Paquerxs Unidos - Andes
15/06/2025 17:47:43,27/12/2020,132,Paquerxs Unidos - Andes
15/06/2025 17:48:22,10/01/2021,103,Paquerxs Unidos - Andes
15/06/2025 17:49:01,24/01/2021,115,Paquerxs Unidos - Andes
17/06/2025 15:05:33,13/06/2025,"8,82",Paca del IBC
23/06/2025 7:12:14,22/06/2025,"81,2",Paquerxs del Neuque
23/06/2025 19:56:25,22/06/2025,124,EcoBosque Urbano
26/06/2025 14:14:50,22/06/2025,61,Bonanza
26/06/2025 17:35:52,11/08/2024,28,La Chucha Colectiva Ambientalista
26/06/2025 17:36:19,18/08/2024,50,La Chucha Colectiva Ambientalista
26/06/2025 17:36:52,1/09/2024,80,La Chucha Colectiva Ambientalista
26/06/2025 17:37:18,15/09/2024,75,La Chucha Colectiva Ambientalista
26/06/2025 17:37:46,29/09/2024,81,La Chucha Colectiva Ambientalista
26/06/2025 17:38:09,13/10/2024,60,La Chucha Colectiva Ambientalista
26/06/2025 17:39:20,27/10/2024,98,La Chucha Colectiva Ambientalista
26/06/2025 17:39:48,10/11/2024,110,La Chucha Colectiva Ambientalista
26/06/2025 17:40:14,24/11/2024,95,La Chucha Colectiva Ambientalista
26/06/2025 17:40:36,8/12/2024,98,La Chucha Colectiva Ambientalista
26/06/2025 17:40:59,15/12/2024,56,La Chucha Colectiva Ambientalista
26/06/2025 17:41:18,22/12/2024,72,La Chucha Colectiva Ambientalista
26/06/2025 17:41:48,26/01/2025,103,La Chucha Colectiva Ambientalista
26/06/2025 17:43:05,9/02/2025,92,La Chucha Colectiva Ambientalista
26/06/2025 17:43:26,23/02/2025,95,La Chucha Colectiva Ambientalista
26/06/2025 17:43:47,16/03/2025,99,La Chucha Colectiva Ambientalista
26/06/2025 17:44:06,23/03/2025,102,La Chucha Colectiva Ambientalista
26/06/2025 17:44:26,6/04/2025,96,La Chucha Colectiva Ambientalista
26/06/2025 17:44:46,20/04/2025,128,La Chucha Colectiva Ambientalista
26/06/2025 17:45:09,4/05/2025,84,La Chucha Colectiva Ambientalista
26/06/2025 17:45:33,18/05/2025,"90,5",La Chucha Colectiva Ambientalista
26/06/2025 17:45:57,1/06/2025,94,La Chucha Colectiva Ambientalista
26/06/2025 17:46:18,15/06/2025,94,La Chucha Colectiva Ambientalista
28/06/2025 11:59:13,28/06/2025,"61,6",Los Copetones
29/06/2025 12:35:58,29/06/2025,67,Bonanza
29/06/2025 18:13:44,28/06/2025,250,Niza9 Ecológica
29/06/2025 19:57:23,29/06/2025,"108,7",Tochua
2/07/2025 11:27:24,28/06/2025,"53,8",Sendero Colibrí
2/07/2025 19:51:13,2/05/2025,150,Colectivo el Planchón Ecológico
2/07/2025 19:52:45,5/05/2025,100,Colectivo el Planchón Ecológico
2/07/2025 19:53:23,7/05/2025,80,Colectivo el Planchón Ecológico
2/07/2025 19:53:58,9/05/2025,140,Colectivo el Planchón Ecológico
2/07/2025 19:54:53,12/05/2025,160,Colectivo el Planchón Ecológico
2/07/2025 19:55:30,14/05/2025,120,Colectivo el Planchón Ecológico
2/07/2025 19:55:59,16/05/2025,100,Colectivo el Planchón Ecológico
2/07/2025 19:56:32,19/05/2025,100,Colectivo el Planchón Ecológico
2/07/2025 19:56:57,23/05/2025,180,Colectivo el Planchón Ecológico
2/07/2025 19:57:36,26/05/2025,70,Colectivo el Planchón Ecológico
2/07/2025 19:58:07,28/05/2025,100,Colectivo el Planchón Ecológico
2/07/2025 19:58:31,30/05/2025,90,Colectivo el Planchón Ecológico
2/07/2025 21:03:14,4/06/2025,120,Colectivo el Planchón Ecológico
2/07/2025 21:03:43,6/06/2025,100,Colectivo el Planchón Ecológico
2/07/2025 21:04:19,10/06/2025,120,Colectivo el Planchón Ecológico
2/07/2025 21:05:38,10/06/2025,120,Colectivo el Planchón Ecológico
2/07/2025 21:06:01,11/06/2025,50,Colectivo el Planchón Ecológico
2/07/2025 21:06:27,18/06/2025,80,Colectivo el Planchón Ecológico
2/07/2025 21:06:51,25/06/2025,100,Colectivo el Planchón Ecológico
2/07/2025 21:08:36,9/05/2025,80,Ecompostaje los guayabales
2/07/2025 21:09:09,15/05/2025,100,Ecompostaje los guayabales
2/07/2025 21:09:34,21/05/2025,70,Ecompostaje los guayabales
2/07/2025 21:10:00,29/05/2025,120,Ecompostaje los guayabales
2/07/2025 21:10:44,6/06/2025,60,Ecompostaje los guayabales
2/07/2025 21:11:10,13/06/2025,50,Ecompostaje los guayabales
2/07/2025 21:11:35,17/06/2025,40,Ecompostaje los guayabales
2/07/2025 21:12:01,21/06/2025,30,Ecompostaje los guayabales
2/07/2025 21:12:26,26/06/2025,50,Ecompostaje los guayabales
6/07/2025 11:49:48,6/07/2025,"144,8",Paquerxs del Neuque
6/07/2025 20:55:01,6/07/2025,"107,2",Tochua
9/07/2025 20:28:30,18/05/2025,19,Xiegua
9/07/2025 20:29:20,21/05/2025,"16,8",Xiegua
9/07/2025 20:30:33,25/05/2025,"36,2",Xiegua
9/07/2025 20:30:53,1/06/2025,"25,9",Xiegua
9/07/2025 20:31:15,8/06/2025,"33,4",Xiegua
9/07/2025 20:31:34,15/06/2025,26,Xiegua
9/07/2025 20:31:51,22/06/2025,"46,2",Xiegua
9/07/2025 20:32:12,23/06/2025,25,Xiegua
9/07/2025 20:32:30,29/06/2025,"33,1",Xiegua
9/07/2025 20:33:01,6/07/2025,"41,1",Xiegua
13/07/2025 13:36:29,2/03/2025,258,Pa' todos vida
13/07/2025 13:38:38,16/03/2025,240,Pa' todos vida
13/07/2025 13:40:28,29/03/2025,106,Pa' todos vida
13/07/2025 14:02:55,27/04/2025,134,Pa' todos vida
13/07/2025 14:08:41,24/05/2025,173,Pa' todos vida
13/07/2025 14:13:12,7/06/2025,"160,5",Pa' todos vida
13/07/2025 14:15:49,21/06/2025,118,Pa' todos vida
13/07/2025 14:18:09,22/06/2025,117,Pa' todos vida
13/07/2025 14:19:33,5/07/2025,66,Pa' todos vida
13/07/2025 14:31:43,13/07/2025,"93,8",Tochua
13/07/2025 14:32:40,5/07/2025,"12,5",Pa' todos vida
14/07/2025 20:20:00,27/06/2025,60,Colectivo el Planchón Ecológico
14/07/2025 20:21:17,26/06/2025,50,Ecompostaje los guayabales
14/07/2025 20:50:46,16/04/2025,60,Paqueros Parque de los Guatines
14/07/2025 20:52:24,23/04/2025,120,Paqueros Parque de los Guatines
14/07/2025 20:52:57,30/04/2025,100,Paqueros Parque de los Guatines
14/07/2025 20:59:14,7/05/2025,90,Paqueros Parque de los Guatines
14/07/2025 21:02:49,14/05/2025,110,Paqueros Parque de los Guatines
14/07/2025 21:04:41,21/05/2025,80,Paqueros Parque de los Guatines
14/07/2025 21:05:09,28/05/2025,120,Paqueros Parque de los Guatines
14/07/2025 21:05:26,8/06/2025,203,Paquerxs Unidos - Brazo salitre
14/07/2025 21:06:14,4/06/2025,50,Paqueros Parque de los Guatines
14/07/2025 21:07:04,6/06/2025,60,Paqueros Parque de los Guatines
14/07/2025 21:07:36,11/06/2025,50,Paqueros Parque de los Guatines
14/07/2025 21:07:40,22/06/2025,160,Paquerxs Unidos - Brazo salitre
14/07/2025 21:09:28,6/07/2025,170,Paquerxs Unidos - Brazo salitre
14/07/2025 21:09:57,14/06/2025,85,Paqueros Parque de los Guatines
14/07/2025 21:43:56,21/06/2025,110,Paqueros Parque de los Guatines
14/07/2025 21:44:44,17/06/2025,35,Paqueros Parque de los Guatines
14/07/2025 21:45:20,18/06/2025,50,Paqueros Parque de los Guatines
14/07/2025 21:46:10,25/06/2025,70,Paqueros Parque de los Guatines
14/07/2025 21:46:49,28/06/2025,120,Paqueros Parque de los Guatines
14/07/2025 22:20:31,22/04/2025,130,Punto de Acopio Granados
14/07/2025 22:21:54,24/04/2025,100,Punto de Acopio Granados
14/07/2025 22:23:17,26/04/2025,130,Punto de Acopio Granados
14/07/2025 22:24:10,29/04/2025,100,Punto de Acopio Granados
14/07/2025 22:25:44,3/05/2025,90,Punto de Acopio Granados
14/07/2025 22:26:39,6/05/2025,80,Punto de Acopio Granados
14/07/2025 22:27:25,8/07/2025,110,Punto de Acopio Granados
14/07/2025 22:28:27,13/05/2025,130,Punto de Acopio Granados
14/07/2025 22:29:26,20/05/2025,150,Punto de Acopio Granados
14/07/2025 22:30:15,22/05/2025,80,Punto de Acopio Granados
14/07/2025 22:30:53,24/05/2025,90,Punto de Acopio Granados
14/07/2025 22:31:45,27/05/2025,110,Punto de Acopio Granados
14/07/2025 22:32:21,29/05/2025,70,Punto de Acopio Granados
14/07/2025 22:33:18,31/05/2025,100,Punto de Acopio Granados
14/07/2025 22:34:10,3/06/2025,170,Punto de Acopio Granados
14/07/2025 22:34:40,5/06/2025,145,Punto de Acopio Granados
14/07/2025 22:35:23,7/06/2025,130,Punto de Acopio Granados
14/07/2025 22:36:17,10/06/2025,130,Punto de Acopio Granados
14/07/2025 22:37:10,12/06/2025,130,Punto de Acopio Granados
14/07/2025 22:37:41,17/06/2025,200,Punto de Acopio Granados
14/07/2025 22:38:10,21/06/2025,150,Punto de Acopio Granados
14/07/2025 22:38:39,24/06/2025,160,Punto de Acopio Granados
14/07/2025 22:39:11,26/06/2025,135,Punto de Acopio Granados
14/07/2025 22:40:03,14/06/2025,100,Punto de Acopio Granados
14/07/2025 22:40:29,19/06/2025,160,Punto de Acopio Granados
14/07/2025 22:40:52,28/06/2025,160,Punto de Acopio Granados
15/07/2025 0:57:39,13/07/2025,"26,3",Xiegua
19/07/2025 0:07:08,6/07/2025,"88,4",EcoBosque Urbano
19/07/2025 0:07:50,13/07/2025,"63,2",EcoBosque Urbano
19/07/2025 18:36:37,19/07/2025,"93,4",Los Copetones
20/07/2025 12:08:05,20/07/2025,"132,8",Paquerxs del Neuque
20/07/2025 12:21:56,20/07/2025,89,Bonanza
20/07/2025 13:01:31,20/07/2025,"123,8",Tochua
20/07/2025 18:35:13,20/07/2025,"41,5",Resiliencia
25/07/2025 12:14:29,13/07/2025,96,La Chucha Colectiva Ambientalista
25/07/2025 12:16:01,29/06/2025,82,La Chucha Colectiva Ambientalista
27/07/2025 11:50:41,27/07/2025,"37,6",Bonanza
27/07/2025 12:40:57,27/07/2025,46,Huitaca
27/07/2025 13:23:35,27/07/2025,"115,2",Tochua
27/07/2025 19:44:16,27/07/2025,"76,4",Los Copetones
3/08/2025 12:03:28,3/08/2025,"176,1",Paquerxs del Neuque
3/08/2025 18:17:23,2/07/2025,120,Colectivo el Planchón Ecológico
3/08/2025 18:18:32,4/07/2025,100,Colectivo el Planchón Ecológico
3/08/2025 18:18:56,7/07/2025,50,Colectivo el Planchón Ecológico
3/08/2025 18:19:19,9/07/2025,90,Colectivo el Planchón Ecológico
3/08/2025 18:19:43,11/07/2025,100,Colectivo Cancha Grande
3/08/2025 18:20:11,15/07/2025,100,Colectivo el Planchón Ecológico
3/08/2025 18:20:34,16/07/2025,60,Colectivo el Planchón Ecológico
3/08/2025 18:20:56,18/07/2025,90,Colectivo el Planchón Ecológico
3/08/2025 18:21:27,21/07/2025,65,Colectivo el Planchón Ecológico
3/08/2025 18:21:58,25/07/2025,80,Colectivo el Planchón Ecológico
3/08/2025 18:22:21,28/07/2025,50,Colectivo el Planchón Ecológico
3/08/2025 18:22:45,30/07/2025,90,Colectivo el Planchón Ecológico
3/08/2025 18:23:07,1/08/2025,100,Colectivo el Planchón Ecológico
3/08/2025 18:23:34,4/07/2025,40,Ecompostaje los guayabales
3/08/2025 18:23:59,8/07/2025,50,Ecompostaje los guayabales
3/08/2025 18:24:22,14/07/2025,80,Ecompostaje los guayabales
3/08/2025 18:24:49,17/07/2025,90,Ecompostaje los guayabales
3/08/2025 18:25:16,25/07/2025,70,Ecompostaje los guayabales
3/08/2025 18:25:37,31/07/2025,50,Ecompostaje los guayabales
3/08/2025 18:28:11,24/07/2025,100,Colectivo Cancha Grande
3/08/2025 18:28:41,29/07/2025,80,Colectivo Cancha Grande
3/08/2025 19:16:53,12/04/2025,82,Pa' todos vida
3/08/2025 19:19:20,13/04/2025,213,Pa' todos vida
3/08/2025 19:41:57,24/05/2025,173,Pa' todos vida
3/08/2025 19:42:42,25/05/2025,95,Pa' todos vida
3/08/2025 19:50:29,6/07/2025,81,Pa' todos vida
3/08/2025 19:54:43,19/07/2025,118,Pa' todos vida
3/08/2025 19:57:35,19/07/2025,60,Pa' todos vida
3/08/2025 20:21:55,2/08/2025,149,Pa' todos vida
3/08/2025 20:23:00,3/08/2025,63,Pa' todos vida
4/08/2025 8:21:22,11/05/2025,188,Pa' todos vida
7/08/2025 11:46:09,7/08/2025,"46,1",Bonanza
9/08/2025 13:08:47,9/08/2025,90,Sendero Colibrí
10/08/2025 12:18:48,10/08/2025,"30,5",Bonanza
10/08/2025 13:21:17,27/07/2025,"58,5",EcoBosque Urbano
10/08/2025 13:21:45,20/07/2025,"102,7",EcoBosque Urbano
10/08/2025 13:26:17,3/08/2025,82,EcoBosque Urbano
10/08/2025 13:26:42,10/08/2025,68,EcoBosque Urbano
17/08/2025 11:37:18,17/08/2025,40,Bonanza
17/08/2025 19:19:00,17/08/2025,"190,5",Paquerxs del Neuque
18/08/2025 22:37:34,17/08/2025,"98,1",Tochua
19/08/2025 18:00:34,31/07/2025,8650,Vive vibra verde
19/08/2025 18:01:16,30/06/2025,8689,Vive vibra verde
19/08/2025 18:01:47,31/05/2025,8420,Vive vibra verde
19/08/2025 18:02:25,30/04/2025,7998,Vive vibra verde
19/08/2025 18:02:56,31/03/2025,7956,Vive vibra verde
19/08/2025 18:03:24,28/02/2025,7643,Vive vibra verde
19/08/2025 18:03:59,31/01/2025,7823,Vive vibra verde
19/08/2025 18:04:40,31/12/2024,8087,Vive vibra verde
19/08/2025 18:05:06,30/11/2024,7854,Vive vibra verde
19/08/2025 18:05:44,31/10/2024,7512,Vive vibra verde
19/08/2025 18:06:13,30/09/2024,7841,Vive vibra verde
19/08/2025 18:06:42,31/08/2024,7940,Vive vibra verde
19/08/2025 18:07:16,31/07/2024,7689,Vive vibra verde
19/08/2025 18:07:55,30/06/2024,7911,Vive vibra verde
19/08/2025 18:08:28,31/05/2024,7877,Vive vibra verde
19/08/2025 18:08:57,30/04/2024,7612,Vive vibra verde
19/08/2025 18:10:42,31/03/2024,7345,Vive vibra verde
19/08/2025 18:11:55,29/02/2024,7324,Vive vibra verde
19/08/2025 18:12:29,31/01/2024,7156,Vive vibra verde
19/08/2025 18:13:16,31/12/2023,7458,Vive vibra verde
24/08/2025 16:18:44,24/08/2025,62,Resiliencia
24/08/2025 19:41:22,24/08/2025,33,Huitaca
25/08/2025 10:51:49,25/08/2025,31,Bonanza
27/08/2025 9:31:28,23/08/2025,92,Sendero Colibrí
29/08/2025 21:08:54,29/08/2025,150,Luz de montaña
31/08/2025 8:55:57,24/08/2025,"73,2",Tochua
31/08/2025 12:04:26,31/08/2025,"67,4",Los Copetones
31/08/2025 12:09:56,31/08/2025,"35,4",Bonanza
31/08/2025 14:06:38,31/08/2025,15,Huitaca
31/08/2025 17:49:47,31/08/2025,"216,46",Paquerxs del Neuque
1/09/2025 0:04:58,31/08/2025,17,MilpaSur
1/09/2025 17:08:58,1/09/2025,"52,3",Tochua
7/09/2025 12:06:47,7/09/2025,"65,5",Bonanza
7/09/2025 16:55:25,7/09/2025,95,Tochua
8/09/2025 18:14:37,7/09/2025,131,Paquerxs la Soledad Park Way
8/09/2025 19:15:48,26/01/2025,175,Paquerxs la Soledad Park Way
8/09/2025 19:16:46,2/02/2025,180,Paquerxs la Soledad Park Way
8/09/2025 19:18:15,9/02/2025,213,Paquerxs la Soledad Park Way
8/09/2025 19:19:50,23/02/2025,170,Paquerxs la Soledad Park Way
8/09/2025 19:20:25,9/02/2025,150,Paquerxs la Soledad Park Way
9/09/2025 12:08:41,10/07/2025,140,Punto de Acopio Granados
9/09/2025 12:09:29,12/07/2025,100,Punto de Acopio Granados
9/09/2025 12:10:05,15/07/2025,160,Punto de Acopio Granados
9/09/2025 12:10:44,19/07/2025,100,Punto de Acopio Granados
9/09/2025 12:11:33,22/07/2025,160,Punto de Acopio Granados
9/09/2025 12:12:01,24/07/2025,50,Punto de Acopio Granados
9/09/2025 12:12:43,26/07/2025,115,Punto de Acopio Granados
9/09/2025 12:13:51,29/07/2025,90,Punto de Acopio Granados
9/09/2025 12:14:20,31/07/2025,130,Punto de Acopio Granados
9/09/2025 12:18:12,12/07/2025,100,Paqueros Parque de los Guatines
9/09/2025 12:18:53,16/07/2025,90,Paqueros Parque de los Guatines
9/09/2025 12:19:26,23/07/2025,90,Paqueros Parque de los Guatines
9/09/2025 12:20:39,2/07/2025,60,Paqueros Parque de los Guatines
9/09/2025 12:21:17,5/07/2025,90,Paqueros Parque de los Guatines
9/09/2025 12:21:58,9/07/2025,50,Paqueros Parque de los Guatines
9/09/2025 12:22:44,19/07/2025,70,Paqueros Parque de los Guatines
9/09/2025 12:23:32,30/07/2025,110,Paqueros Parque de los Guatines
9/09/2025 13:59:07,4/08/2025,80,Colectivo el Planchón Ecológico
9/09/2025 13:59:37,6/08/2025,90,Colectivo el Planchón Ecológico
9/09/2025 14:00:06,11/08/2025,100,Colectivo el Planchón Ecológico
9/09/2025 14:00:33,13/08/2025,70,Colectivo el Planchón Ecológico
9/09/2025 14:01:14,16/08/2025,100,Colectivo el Planchón Ecológico
9/09/2025 14:01:42,20/08/2025,100,Colectivo el Planchón Ecológico
9/09/2025 14:02:55,22/08/2025,120,Colectivo el Planchón Ecológico
9/09/2025 14:03:19,28/08/2025,100,Colectivo el Planchón Ecológico
9/09/2025 14:05:20,2/08/2025,50,Colectivo Cancha Grande
9/09/2025 14:05:53,5/08/2025,80,Colectivo Cancha Grande
9/09/2025 14:06:20,9/08/2025,50,Colectivo Cancha Grande
9/09/2025 14:06:44,12/08/2025,70,Colectivo Cancha Grande
9/09/2025 14:07:25,12/08/2025,70,Colectivo el Planchón Ecológico
9/09/2025 14:07:47,14/08/2025,100,Colectivo Cancha Grande
9/09/2025 14:08:20,19/08/2025,70,Colectivo Cancha Grande
9/09/2025 14:08:48,21/08/2025,70,Colectivo Cancha Grande
9/09/2025 14:09:17,23/08/2025,120,Colectivo Cancha Grande
9/09/2025 14:09:40,28/08/2025,50,Colectivo Cancha Grande
9/09/2025 14:10:16,8/08/2025,50,Ecompostaje los guayabales
9/09/2025 14:10:38,14/08/2025,60,Ecompostaje los guayabales
9/09/2025 14:11:11,19/08/2025,40,Ecompostaje los guayabales
9/09/2025 14:40:36,5/08/2025,120,Punto de Acopio Granados
9/09/2025 14:41:10,9/08/2025,220,Punto de Acopio Granados
9/09/2025 14:41:51,12/08/2025,90,Punto de Acopio Granados
9/09/2025 14:42:46,12/08/2025,90,Punto de Acopio Granados
9/09/2025 14:43:26,16/08/2025,120,Punto de Acopio Granados
9/09/2025 14:43:59,19/08/2025,85,Punto de Acopio Granados
9/09/2025 14:44:24,21/08/2025,55,Punto de Acopio Granados
9/09/2025 14:45:02,26/08/2025,50,Punto de Acopio Granados
9/09/2025 14:46:39,1/08/2025,70,Paqueros Parque de los Guatines
9/09/2025 14:47:06,9/08/2025,80,Paqueros Parque de los Guatines
9/09/2025 14:47:37,13/08/2025,120,Paqueros Parque de los Guatines
9/09/2025 14:48:23,16/08/2025,150,Paqueros Parque de los Guatines
9/09/2025 14:48:52,26/08/2025,160,Paqueros Parque de los Guatines
9/09/2025 14:49:28,27/08/2025,30,Paqueros Parque de los Guatines
9/09/2025 14:50:09,30/08/2025,120,Paqueros Parque de los Guatines
12/09/2025 16:40:12,7/09/2025,210,Paquerxs Unidos - Andes
14/09/2025 12:16:18,13/09/2025,68,Sendero Colibrí
14/09/2025 12:19:30,14/09/2025,45,Bonanza
14/09/2025 14:11:58,14/09/2025,20,Huitaca
14/09/2025 17:37:34,31/08/2025,"216,46",Paquerxs del Neuque
14/09/2025 17:45:56,14/09/2025,"196,47",Paquerxs del Neuque
14/09/2025 20:55:58,14/09/2025,20,Huitaca
21/09/2025 12:44:16,21/09/2025,"86,5",La Chucha Colectiva Ambientalista
21/09/2025 17:49:49,21/09/2025,"82,5",Tochua
22/09/2025 15:03:59,21/09/2025,210,Paquerxs Unidos - Andes
23/09/2025 16:19:47,26/01/2025,205,Paquerxs Unidos - Andes
23/09/2025 16:28:32,21/09/2025,208,Paquerxs Unidos - Andes
28/09/2025 13:04:20,28/09/2025,"60,8",Bonanza
29/09/2025 18:11:52,28/09/2025,"125,25",Paquerxs del Neuque
30/09/2025 18:24:17,21/09/2025,30,Huitaca
30/09/2025 18:24:57,28/09/2025,32,Huitaca
4/10/2025 7:43:40,4/10/2025,99,Sendero Colibrí
4/10/2025 8:10:24,25/07/2025,"6,4",Paca del IBC
4/10/2025 8:10:57,13/08/2025,"6,94",Paca del IBC
4/10/2025 8:11:31,29/08/2025,"8,14",Paca del IBC
4/10/2025 8:11:54,3/10/2025,"15,1",Paca del IBC
4/10/2025 10:12:33,7/09/2025,77,La Chucha Colectiva Ambientalista
4/10/2025 10:15:19,24/08/2025,73,La Chucha Colectiva Ambientalista
4/10/2025 10:17:05,10/08/2025,89,La Chucha Colectiva Ambientalista
5/10/2025 14:49:04,5/10/2025,"49,5",La Chucha Colectiva Ambientalista
5/10/2025 17:19:15,5/10/2025,207,Paquerxs Unidos - Andes
6/10/2025 14:56:12,2/10/2021,"125,5",Paquerxs del Neuque
6/10/2025 18:16:29,22/10/2023,335,Paquerxs Unidos - Andes
6/10/2025 18:37:05,5/11/2023,277,Paquerxs Unidos - Andes
6/10/2025 18:46:44,19/11/2023,320,Paquerxs Unidos - Andes
6/10/2025 18:50:16,17/12/2023,310,Paquerxs Unidos - Andes
6/10/2025 18:56:48,28/01/2024,247,Paquerxs Unidos - Andes
7/10/2025 11:31:30,11/02/2024,212,Paquerxs Unidos - Andes
7/10/2025 11:34:51,25/02/2024,220,Paquerxs Unidos - Andes
7/10/2025 11:40:41,10/03/2024,214,Paquerxs Unidos - Andes
7/10/2025 11:42:59,24/03/2024,292,Paquerxs Unidos - Andes
7/10/2025 11:46:39,7/04/2024,191,Paquerxs Unidos - Andes
7/10/2025 11:49:53,21/04/2024,310,Paquerxs Unidos - Andes
7/10/2025 11:53:18,5/05/2024,317,Paquerxs Unidos - Andes
7/10/2025 11:55:50,2/06/2024,253,Paquerxs Unidos - Andes
7/10/2025 11:58:51,14/07/2024,189,Paquerxs Unidos - Andes
7/10/2025 12:02:33,11/08/2024,309,Paquerxs Unidos - Andes
7/10/2025 12:09:15,22/01/2024,136,Paquerxs Unidos - Andes
7/10/2025 12:18:40,29/12/2024,123,Paquerxs Unidos - Andes
7/10/2025 12:41:20,23/02/2025,220,Paquerxs Unidos - Andes
7/10/2025 12:46:42,9/03/2025,211,Paquerxs Unidos - Andes
7/10/2025 12:55:33,29/06/2025,201,Paquerxs Unidos - Andes
7/10/2025 12:59:16,27/07/2025,240,Paquerxs Unidos - Andes
7/10/2025 13:02:43,10/08/2025,179,Paquerxs Unidos - Andes
8/10/2025 14:12:02,21/01/2024,261,Paquerxs Unidos - Andes
8/10/2025 14:21:38,25/08/2024,218,Paquerxs Unidos - Andes
10/10/2025 10:57:37,5/10/2025,43,Huitaca
12/10/2025 12:52:35,12/10/2025,31,Bonanza
12/10/2025 16:09:30,12/10/2025,"132,27",Paquerxs del Neuque
18/10/2025 8:10:30,12/10/2025,"105,1",Los Copetones
19/10/2025 12:22:35,19/10/2025,45,Bonanza
19/10/2025 15:11:19,19/10/2025,40,Huitaca
19/10/2025 15:53:12,19/10/2025,215,Paquerxs Unidos - Andes
20/10/2025 15:37:54,19/10/2025,55,La Chucha Colectiva Ambientalista
22/10/2025 9:29:40,19/10/2025,"54,1",Los Copetones
26/10/2025 18:01:36,26/10/2025,22,Huitaca
26/10/2025 18:07:51,26/10/2025,"85,5",Tochua
28/10/2025 22:06:45,26/10/2025,"120,3",Paquerxs del Neuque
30/10/2025 13:11:08,30/10/2025,8,Quinzata
31/10/2025 19:24:40,30/06/2025,267,Terraza Verde
2/11/2025 11:23:50,2/11/2025,154,Paquerxs Unidos - Andes
2/11/2025 12:38:11,2/11/2025,"98,1",Bonanza
4/11/2025 19:01:43,2/11/2025,75,Tochua
6/11/2025 11:55:51,15/11/2020,148,Paquerxs Unidos - Andes
6/11/2025 11:58:17,15/11/2020,138,Paquerxs Unidos - Andes
6/11/2025 11:59:58,24/01/2021,110,Paquerxs Unidos - Andes
6/11/2025 12:05:05,7/02/2021,156,Paquerxs Unidos - Andes
6/11/2025 12:11:35,1/08/2021,140,Paquerxs Unidos - Andes
6/11/2025 12:13:45,26/09/2021,152,Paquerxs Unidos - Andes
6/11/2025 12:16:24,10/10/2021,227,Paquerxs Unidos - Andes
8/11/2025 11:06:22,2/11/2025,28,Huitaca
9/11/2025 12:42:52,9/11/2025,"201,2",Paquerxs del Neuque
9/11/2025 15:26:23,9/11/2025,40,Huitaca
10/11/2025 14:41:28,9/11/2025,"40,5",La Chucha Colectiva Ambientalista
12/11/2025 9:52:00,12/11/2025,8,Quinzata
15/11/2025 10:37:18,15/11/2025,"87,4",Sendero Colibrí
16/11/2025 12:22:06,16/11/2025,72,Los Copetones
17/11/2025 22:50:17,16/11/2025,27,Huitaca
17/11/2025 22:52:13,9/11/2025,44,Huitaca
23/11/2025 8:38:50,23/11/2025,22,Quinzata
23/11/2025 10:08:01,23/11/2025,44,Paca-huerta Colibrí
23/11/2025 13:50:21,23/11/2025,"198,87",Paquerxs del Neuque
30/11/2025 15:49:31,30/11/2025,156,Paquerxs Unidos - Andes
1/12/2025 0:04:48,30/11/2025,45,Huitaca
5/12/2025 7:05:55,5/12/2025,9,Quinzata
7/12/2025 10:40:35,7/12/2025,37,Paca-huerta Colibrí
7/12/2025 12:04:19,7/12/2025,"149,9",Paquerxs del Neuque
7/12/2025 13:45:21,7/12/2025,47,La Chucha Colectiva Ambientalista
7/12/2025 17:25:21,7/12/2025,"48,4",Los Copetones
8/12/2025 11:08:46,30/11/2025,75,Bonanza
8/12/2025 11:10:54,16/11/2025,52,Bonanza
8/12/2025 11:12:09,9/11/2025,44,Bonanza
8/12/2025 11:43:41,8/12/2025,"31,9",Bonanza
11/12/2025 19:22:09,7/12/2025,34,Huitaca
14/12/2025 15:22:35,14/12/2025,173,Paquerxs Unidos - Andes
14/12/2025 15:35:49,14/12/2025,"18,5",Los Copetones
14/12/2025 20:44:38,14/12/2025,"81,1",Tochua
14/12/2025 22:17:51,14/12/2025,40,Huitaca
20/12/2025 13:16:36,20/12/2025,"67,6",Los Copetones
28/12/2025 15:55:58,28/12/2025,169,Paquerxs Unidos - Andes
3/01/2026 16:46:51,3/01/2026,70,Sendero Colibrí
3/01/2026 19:00:51,21/12/2025,"111,3",Paquerxs del Neuque
4/01/2026 12:41:12,4/01/2026,72,Paquerxs del Neuque
9/01/2026 17:43:48,21/06/2025,117,Agroecologica Muyso
9/01/2026 17:44:37,5/07/2025,125,Agroecologica Muyso
9/01/2026 17:45:27,19/07/2025,161,Agroecologica Muyso
9/01/2026 17:47:36,16/08/2025,119,Agroecologica Muyso
9/01/2026 17:48:39,30/08/2025,150,Agroecologica Muyso
9/01/2026 17:49:28,13/09/2025,99,Agroecologica Muyso
9/01/2026 17:51:20,25/10/2025,124,Agroecologica Muyso
9/01/2026 17:52:36,22/11/2025,99,Agroecologica Muyso
9/01/2026 17:53:17,6/12/2025,107,Agroecologica Muyso
9/01/2026 17:53:51,20/12/2025,116,Agroecologica Muyso
11/01/2026 11:41:01,28/12/2025,50,Resiliencia
11/01/2026 11:41:42,4/01/2026,25,Resiliencia
11/01/2026 18:55:28,11/01/2026,100,Tochua
12/01/2026 10:48:09,11/01/2026,16,Resiliencia
12/01/2026 13:06:42,4/01/2026,100,Bonanza
12/01/2026 13:07:28,12/01/2026,"41,1",Bonanza
18/01/2026 10:53:17,18/01/2026,21,Paca-huerta Colibrí
18/01/2026 13:15:31,18/01/2026,"152,3",Paquerxs del Neuque
18/01/2026 13:42:44,18/01/2026,21,Resiliencia
18/01/2026 18:56:53,11/01/2026,39,Huitaca
18/01/2026 18:57:25,18/01/2026,6,Huitaca
20/01/2026 16:21:56,10/01/2026,133,Agroecologica Muyso
24/01/2026 7:37:03,17/01/2026,"61,1",Los Copetones
24/01/2026 13:45:32,24/01/2026,"47,4",Los Copetones
25/01/2026 13:05:47,25/01/2026,"61,9",Bonanza
25/01/2026 13:07:05,18/01/2026,"43,4",Bonanza
25/01/2026 14:27:29,25/01/2026,"59,5",Resiliencia
25/01/2026 15:04:58,25/01/2026,173,Paquerxs Unidos - Andes
25/01/2026 16:02:01,25/01/2026,"94,8",Tochua
25/01/2026 21:51:24,25/01/2026,27,Huitaca
26/01/2026 20:10:18,25/01/2026,49,La Chucha Colectiva Ambientalista
1/02/2026 10:28:34,1/02/2026,50,Paca-huerta Colibrí
1/02/2026 13:48:13,1/02/2026,118,Paquerxs del Neuque
1/02/2026 17:32:44,1/02/2026,23,Resiliencia
1/02/2026 23:20:04,1/02/2026,14,Huitaca
7/02/2026 9:05:53,31/01/2026,"80,3",Los Copetones
8/02/2026 11:30:16,8/02/2026,122,Paquerxs Unidos - Andes
8/02/2026 12:37:13,8/02/2026,"107,9",Bonanza
8/02/2026 18:52:32,8/02/2026,71,Resiliencia
8/02/2026 18:56:04,7/02/2026,68,Los Copetones
8/02/2026 20:57:31,8/02/2026,156,Pacas Choquenzá - Humedal Córdoba
9/02/2026 14:53:57,1/09/2025,95,Colectivo el Planchón Ecológico
9/02/2026 14:54:24,3/09/2025,120,Colectivo el Planchón Ecológico
9/02/2026 14:54:55,5/09/2025,140,Colectivo el Planchón Ecológico
9/02/2026 14:55:24,6/09/2025,100,Colectivo el Planchón Ecológico
9/02/2026 14:55:51,10/09/2025,100,Colectivo el Planchón Ecológico
9/02/2026 14:56:18,12/09/2025,75,Colectivo el Planchón Ecológico
9/02/2026 14:56:44,15/09/2025,90,Colectivo el Planchón Ecológico
9/02/2026 14:57:09,19/09/2025,120,Colectivo el Planchón Ecológico
9/02/2026 14:57:37,22/09/2025,90,Colectivo el Planchón Ecológico
9/02/2026 14:58:06,24/09/2025,100,Colectivo el Planchón Ecológico
9/02/2026 14:58:31,26/09/2025,120,Colectivo el Planchón Ecológico
9/02/2026 14:58:58,29/09/2025,80,Colectivo el Planchón Ecológico
9/02/2026 15:01:41,3/09/2025,50,Ecompostaje los guayabales
9/02/2026 15:03:04,11/09/2025,70,Ecompostaje los guayabales
9/02/2026 15:03:33,19/09/2025,40,Ecompostaje los guayabales
9/02/2026 15:49:52,8/09/2025,120,Paqueros Parque de los Guatines
9/02/2026 15:50:39,10/09/2025,140,Paqueros Parque de los Guatines
9/02/2026 15:51:39,17/09/2025,180,Paqueros Parque de los Guatines
9/02/2026 15:53:35,20/09/2025,80,Paqueros Parque de los Guatines
9/02/2026 15:54:21,24/09/2025,50,Paqueros Parque de los Guatines
9/02/2026 16:26:18,1/10/2025,150,Colectivo el Planchón Ecológico
9/02/2026 16:26:52,3/10/2025,210,Colectivo el Planchón Ecológico
9/02/2026 16:27:25,6/10/2025,140,Colectivo el Planchón Ecológico
9/02/2026 16:27:51,8/10/2025,180,Colectivo el Planchón Ecológico
9/02/2026 16:28:18,11/10/2025,120,Colectivo el Planchón Ecológico
9/02/2026 16:29:20,15/10/2025,170,Colectivo el Planchón Ecológico
9/02/2026 16:30:13,20/10/2025,200,Colectivo el Planchón Ecológico
9/02/2026 16:31:02,24/10/2025,210,Colectivo el Planchón Ecológico
9/02/2026 16:31:39,28/10/2025,230,Colectivo el Planchón Ecológico
9/02/2026 16:32:30,4/10/2025,80,Ecompostaje los guayabales
9/02/2026 16:33:08,14/10/2025,100,Ecompostaje los guayabales
9/02/2026 16:33:42,23/10/2025,90,Ecompostaje los guayabales
9/02/2026 16:34:21,30/10/2025,50,Ecompostaje los guayabales
9/02/2026 16:35:27,8/10/2025,120,Paqueros Parque de los Guatines
9/02/2026 16:36:43,12/10/2025,70,Paqueros Parque de los Guatines
9/02/2026 16:37:20,16/10/2025,150,Paqueros Parque de los Guatines
9/02/2026 16:38:09,20/10/2025,180,Paqueros Parque de los Guatines
9/02/2026 16:38:47,25/10/2025,140,Paqueros Parque de los Guatines
9/02/2026 16:41:39,1/11/2025,170,Colectivo el Planchón Ecológico
9/02/2026 16:42:09,6/11/2025,250,Colectivo el Planchón Ecológico
9/02/2026 16:42:42,10/11/2025,180,Colectivo el Planchón Ecológico
9/02/2026 16:43:11,14/11/2025,220,Colectivo el Planchón Ecológico
9/02/2026 16:43:44,18/11/2025,150,Colectivo el Planchón Ecológico
9/02/2026 16:44:14,21/11/2025,170,Colectivo el Planchón Ecológico
9/02/2026 16:44:47,25/11/2025,210,Colectivo el Planchón Ecológico
9/02/2026 16:45:27,5/11/2025,100,Paqueros Parque de los Guatines
9/02/2026 16:45:58,12/11/2025,150,Paqueros Parque de los Guatines
9/02/2026 16:46:26,19/11/2025,120,Colectivo el Planchón Ecológico
9/02/2026 16:46:59,26/11/2025,140,Paqueros Parque de los Guatines
9/02/2026 17:06:07,10/12/2025,60,Colectivo el Planchón Ecológico
9/02/2026 17:06:48,12/12/2025,80,Colectivo el Planchón Ecológico
9/02/2026 17:07:12,17/12/2025,100,Colectivo el Planchón Ecológico
9/02/2026 17:07:38,19/12/2025,90,Colectivo el Planchón Ecológico
9/02/2026 17:08:02,22/12/2025,75,Colectivo el Planchón Ecológico
9/02/2026 17:08:28,29/12/2025,150,Colectivo el Planchón Ecológico
9/02/2026 17:09:01,17/12/2025,120,Paqueros Parque de los Guatines
9/02/2026 17:09:32,5/01/2026,150,Colectivo el Planchón Ecológico
9/02/2026 17:09:57,13/01/2026,80,Colectivo el Planchón Ecológico
9/02/2026 17:11:06,23/01/2026,140,Colectivo el Planchón Ecológico
9/02/2026 17:12:32,29/01/2026,110,Colectivo el Planchón Ecológico
9/02/2026 17:13:01,14/01/2026,70,Paqueros Parque de los Guatines
9/02/2026 17:13:39,21/01/2026,80,Paqueros Parque de los Guatines
9/02/2026 17:14:28,24/01/2026,130,Paqueros Parque de los Guatines
9/02/2026 17:14:59,28/01/2026,60,Paqueros Parque de los Guatines
10/02/2026 8:00:50,8/02/2026,53,La Chucha Colectiva Ambientalista
11/02/2026 17:44:21,24/01/2026,116,Agroecologica Muyso
11/02/2026 17:44:37,7/02/2026,139,Agroecologica Muyso
14/02/2026 23:02:27,8/02/2026,65,Huitaca
15/02/2026 18:18:30,20/07/2025,160,Paquerxs Unidos - Brazo salitre
15/02/2026 18:22:03,21/12/2025,"155,4",Paquerxs Unidos - Brazo salitre
15/02/2026 19:09:13,23/11/2025,"182,25",Paquerxs Unidos - Brazo salitre
15/02/2026 19:09:50,18/01/2026,"129,44",Paquerxs Unidos - Brazo salitre
15/02/2026 19:10:24,3/08/2025,"111,01",Paquerxs Unidos - Brazo salitre
15/02/2026 19:11:02,8/06/2025,"193,7",Paquerxs Unidos - Brazo salitre
15/02/2026 19:11:50,24/08/2025,"187,68",Paquerxs Unidos - Brazo salitre
15/02/2026 19:12:46,31/08/2025,158,Paquerxs Unidos - Andes
15/02/2026 19:13:50,25/05/2025,"106,5",Paquerxs Unidos - Brazo salitre
15/02/2026 19:14:19,31/08/2025,"129,5",Paquerxs Unidos - Brazo salitre
15/02/2026 19:14:48,14/09/2025,"170,1",Paquerxs Unidos - Brazo salitre
15/02/2026 19:15:27,19/10/2025,177,Paquerxs Unidos - Brazo salitre
15/02/2026 19:16:00,22/06/2025,"94,5",Paquerxs Unidos - Brazo salitre
15/02/2026 19:16:36,6/07/2025,"170,7",Paquerxs Unidos - Brazo salitre
15/02/2026 19:17:09,20/07/2025,160,Paquerxs Unidos - Brazo salitre
20/02/2026 9:09:04,20/02/2026,16,Paca del IBC
20/02/2026 14:09:16,15/02/2026,"44,1",Bonanza
22/02/2026 13:53:43,22/02/2026,163,Paquerxs Unidos - Andes
22/02/2026 14:00:17,22/02/2026,"80,1",Bonanza
22/02/2026 14:06:32,22/02/2026,29,Huitaca
22/02/2026 14:06:57,15/02/2026,4,Huitaca
22/02/2026 16:48:43,21/02/2026,140,Agroecologica Muyso
22/02/2026 20:06:25,22/02/2026,131,Tochua
22/02/2026 20:38:59,22/02/2026,58,La Chucha Colectiva Ambientalista
28/02/2026 17:41:38,28/02/2026,122,Sendero Colibrí
1/03/2026 10:45:29,1/03/2026,45,Paca-huerta Colibrí
1/03/2026 12:02:36,1/03/2026,30,Quinzata
1/03/2026 12:20:15,1/03/2026,144,Paquerxs del Neuque
1/03/2026 17:37:09,1/03/2026,"105,8",Tochua
1/03/2026 20:04:33,1/03/2026,70,Huitaca
6/03/2026 15:58:37,2/02/2026,110,Colectivo el Planchón Ecológico
6/03/2026 15:59:11,5/02/2026,100,Colectivo el Planchón Ecológico
6/03/2026 15:59:42,6/02/2026,130,Colectivo el Planchón Ecológico
6/03/2026 16:00:06,9/02/2026,80,Colectivo el Planchón Ecológico
6/03/2026 16:00:31,11/02/2026,100,Colectivo el Planchón Ecológico
6/03/2026 16:01:09,13/02/2026,80,Colectivo el Planchón Ecológico
6/03/2026 16:01:38,16/02/2026,90,Colectivo el Planchón Ecológico
6/03/2026 16:02:08,20/02/2026,130,Colectivo el Planchón Ecológico
6/03/2026 16:02:39,23/02/2026,60,Colectivo el Planchón Ecológico
6/03/2026 16:03:17,25/02/2026,140,Colectivo el Planchón Ecológico
6/03/2026 16:03:45,27/02/2026,80,Colectivo el Planchón Ecológico
6/03/2026 16:04:45,24/02/2026,160,Ecompostaje los guayabales
6/03/2026 16:05:19,9/02/2026,110,Paqueros Parque de los Guatines
6/03/2026 16:05:52,11/02/2026,110,Paqueros Parque de los Guatines
6/03/2026 16:06:23,14/02/2026,100,Paqueros Parque de los Guatines
6/03/2026 16:07:16,18/02/2026,160,Paqueros Parque de los Guatines
6/03/2026 16:08:05,23/02/2026,170,Paqueros Parque de los Guatines
6/03/2026 16:08:41,24/02/2026,40,Paqueros Parque de los Guatines
6/03/2026 16:10:01,28/02/2026,200,Paqueros Parque de los Guatines
8/03/2026 16:49:48,8/03/2026,"69,2",Tochua
9/03/2026 20:04:35,7/03/2026,54,Los Copetones
15/03/2026 12:27:04,15/03/2026,144,Paquerxs del Neuque
15/03/2026 14:52:34,15/03/2026,103,Tochua
16/03/2026 15:11:38,14/03/2026,"122,6",Los Copetones
16/03/2026 15:44:17,15/03/2026,37,Resiliencia
19/03/2026 19:53:39,1/02/2026,"73,5",Paquerxs Unidos - Polo
19/03/2026 19:54:45,15/02/2026,93,Paquerxs Unidos - Polo
19/03/2026 19:55:31,1/03/2026,75,Paquerxs Unidos - Polo
19/03/2026 19:56:42,15/03/2026,"95,8",Paquerxs Unidos - Polo
22/03/2026 17:49:04,22/03/2026,"42,5",La Chucha Colectiva Ambientalista
28/03/2026 22:38:24,15/03/2026,22,Huitaca
29/03/2026 10:52:49,29/03/2026,70,Paca-huerta Colibrí
29/03/2026 12:20:24,29/03/2026,"100,97",Paquerxs del Neuque
30/03/2026 12:48:41,17/08/2025,"98,12",EcoBosque Urbano
30/03/2026 12:49:49,24/08/2025,"79,38",EcoBosque Urbano
30/03/2026 12:50:39,7/09/2025,"72,11",EcoBosque Urbano
30/03/2026 12:51:42,28/09/2025,"51,61",EcoBosque Urbano
30/03/2026 12:52:23,12/10/2025,"60,69",EcoBosque Urbano
30/03/2026 12:52:48,19/10/2025,55,EcoBosque Urbano
30/03/2026 12:53:53,2/11/2025,46,EcoBosque Urbano
30/03/2026 12:54:28,9/11/2025,"56,76",EcoBosque Urbano
30/03/2026 12:55:31,16/11/2025,"30,6",EcoBosque Urbano
30/03/2026 12:56:09,23/11/2025,42,EcoBosque Urbano
30/03/2026 12:57:16,30/11/2025,49,EcoBosque Urbano
30/03/2026 12:57:39,1/12/2025,69,EcoBosque Urbano
30/03/2026 12:58:57,13/12/2025,41,EcoBosque Urbano
30/03/2026 12:59:22,21/12/2025,57,EcoBosque Urbano
30/03/2026 13:00:00,28/12/2025,45,EcoBosque Urbano
30/03/2026 13:00:28,4/01/2026,"54,5",EcoBosque Urbano
30/03/2026 13:01:15,11/01/2026,16,EcoBosque Urbano
30/03/2026 13:01:54,18/01/2026,60,EcoBosque Urbano
30/03/2026 13:02:50,25/01/2026,23,EcoBosque Urbano
30/03/2026 13:03:25,1/02/2026,"33,56",EcoBosque Urbano
30/03/2026 13:03:51,8/02/2026,"56,42",EcoBosque Urbano
30/03/2026 13:04:23,22/02/2026,"55,5",EcoBosque Urbano
30/03/2026 13:05:01,15/02/2026,"23,5",EcoBosque Urbano
30/03/2026 13:05:28,1/03/2026,"57,05",EcoBosque Urbano
30/03/2026 13:13:44,29/03/2026,57,EcoBosque Urbano
30/03/2026 16:37:23,22/03/2026,28,EcoBosque Urbano
4/04/2026 19:04:03,4/04/2026,40,Los Copetones
5/04/2026 20:02:34,5/04/2026,"67,6",Tochua
6/04/2026 13:41:53,15/03/2026,"117,3",Bonanza
6/04/2026 13:44:53,22/03/2026,34,Bonanza
6/04/2026 13:47:30,29/03/2026,"103,8",Bonanza
6/04/2026 13:48:05,5/04/2026,"52,8",Bonanza
6/04/2026 13:51:59,1/03/2026,"65,45",Bonanza
6/04/2026 20:37:40,6/04/2026,10,Quinzata
7/04/2026 9:10:26,5/04/2026,25,Resiliencia
7/04/2026 10:38:33,7/04/2026,5,Quinzata
7/04/2026 21:13:02,5/04/2026,49,La Chucha Colectiva Ambientalista
12/04/2026 0:05:48,29/03/2026,27,Huitaca
12/04/2026 17:28:33,12/04/2026,212,Paquerxs del Neuque
12/04/2026 19:06:46,12/04/2026,38,Resiliencia
12/04/2026 22:21:33,12/04/2026,54,Huitaca
13/04/2026 8:40:18,12/04/2026,"46,9",Bonanza
17/04/2026 8:43:41,11/04/2026,101,Los Copetones
18/04/2026 14:40:28,18/04/2026,"89,8",Los Copetones
19/04/2026 11:32:50,19/04/2026,173,Paquerxs Unidos - Andes
19/04/2026 13:23:17,19/04/2026,46,Resiliencia
19/04/2026 17:35:15,19/04/2026,"101,9",Tochua
25/04/2026 17:19:41,25/04/2026,72,Los Copetones
26/04/2026 10:48:05,26/04/2026,20,Quinzata
26/04/2026 17:51:43,19/04/2026,67,La Chucha Colectiva Ambientalista
26/04/2026 23:34:36,26/04/2026,24,Huitaca
26/04/2026 23:35:05,26/04/2026,33,Huitaca
26/04/2026 23:35:51,26/04/2026,23,Huitaca
27/04/2026 7:05:21,26/04/2026,22,Resiliencia
27/04/2026 15:12:20,25/04/2026,50,Luz de montaña
3/05/2026 16:53:36,3/05/2026,"103,5",Tochua
4/05/2026 10:06:02,8/03/2026,135,Paquerxs Unidos - Andes
4/05/2026 10:06:41,22/03/2026,185,Paquerxs Unidos - Andes
4/05/2026 10:07:19,5/04/2026,129,Paquerxs Unidos - Andes
4/05/2026 10:07:59,3/05/2026,120,Paquerxs Unidos - Andes
4/05/2026 15:07:27,19/04/2026,42,Bonanza
4/05/2026 15:08:00,3/05/2026,"134,6",Bonanza
4/05/2026 16:46:39,3/05/2026,24,Resiliencia
4/05/2026 20:44:59,3/05/2026,42,Huitaca
10/05/2026 12:27:28,26/04/2026,"135,5",Paquerxs del Neuque
10/05/2026 12:28:17,10/05/2026,"179,8",Paquerxs del Neuque
10/05/2026 15:37:20,10/05/2026,"52,8",Tochua
12/05/2026 19:33:05,10/05/2026,24,Huitaca
17/05/2026 13:58:08,16/05/2026,"82,17",Sendero Colibrí
17/05/2026 18:53:32,17/05/2026,"78,8",Tochua
18/05/2026 13:30:04,17/05/2026,79,La Chucha Colectiva Ambientalista
24/05/2026 11:15:39,24/05/2026,68,Paca-huerta Colibrí
24/05/2026 21:11:44,17/05/2026,46,EcoBosque Urbano
24/05/2026 21:12:03,24/05/2026,48,EcoBosque Urbano
25/05/2026 10:37:48,24/05/2026,130,Paquerxs del Neuque
26/05/2026 10:22:35,24/05/2026,56,Bonanza
31/05/2026 13:03:03,31/05/2026,75,Los Copetones
1/06/2026 8:25:51,31/05/2026,156,Paquerxs Unidos - Andes
1/06/2026 10:00:44,30/05/2026,40,Paca Portugal
3/06/2026 16:18:39,30/05/2026,49,La Chucha Colectiva Ambientalista
4/06/2026 19:29:18,1/06/2026,10,Quinzata
7/06/2026 12:04:31,7/06/2026,"82,5",Sendero Colibrí
7/06/2026 12:42:46,7/06/2026,"150,1",Bonanza
9/06/2026 9:11:50,7/06/2026,"86,1",Tochua
10/06/2026 13:35:23,10/06/2026,"175,45",Paquerxs del Neuque
14/06/2026 12:29:06,14/06/2026,153,Paquerxs del Neuque
14/06/2026 14:25:03,14/06/2026,"90,1",Bonanza
14/06/2026 14:25:46,14/06/2026,25,Huitaca
14/06/2026 15:45:33,14/06/2026,146,Paquerxs Unidos - Andes
15/06/2026 8:25:32,14/06/2026,72,Tochua
15/06/2026 13:01:02,15/06/2026,65,La Chucha Colectiva Ambientalista
15/06/2026 15:33:54,15/06/2026,12,Quinzata
23/06/2026 18:42:37,2/03/2026,110,Colectivo el Planchón Ecológico
23/06/2026 18:43:09,4/06/2026,40,Colectivo el Planchón Ecológico
23/06/2026 18:44:16,4/03/2026,40,Colectivo el Planchón Ecológico
23/06/2026 18:44:40,6/03/2026,160,Colectivo el Planchón Ecológico
23/06/2026 18:45:08,9/03/2026,115,Colectivo el Planchón Ecológico
23/06/2026 18:45:31,11/03/2026,100,Colectivo el Planchón Ecológico
23/06/2026 18:46:28,10/03/2026,50,Ecompostaje los guayabales
23/06/2026 18:48:00,13/04/2026,70,Colectivo el Planchón Ecológico
23/06/2026 18:48:25,15/04/2026,40,Colectivo el Planchón Ecológico
23/06/2026 18:48:57,17/04/2026,60,Colectivo el Planchón Ecológico
23/06/2026 18:49:23,18/04/2026,100,Colectivo el Planchón Ecológico
23/06/2026 18:49:51,24/04/2026,65,Colectivo el Planchón Ecológico
23/06/2026 18:50:19,27/04/2026,90,Colectivo el Planchón Ecológico
23/06/2026 18:50:50,29/04/2026,120,Colectivo el Planchón Ecológico
23/06/2026 18:51:30,2/05/2026,100,Colectivo el Planchón Ecológico
23/06/2026 18:52:18,7/04/2026,20,Colectivo Cancha Grande
23/06/2026 18:52:40,8/04/2026,30,Colectivo Cancha Grande
23/06/2026 18:53:19,9/04/2026,40,Colectivo Cancha Grande
23/06/2026 18:54:42,10/04/2026,40,Colectivo Cancha Grande
23/06/2026 18:55:06,13/04/2026,40,Colectivo Cancha Grande
23/06/2026 18:55:31,14/04/2026,40,Colectivo Cancha Grande
23/06/2026 18:56:11,15/04/2026,20,Colectivo Cancha Grande
23/06/2026 18:56:36,16/04/2026,10,Colectivo Cancha Grande
23/06/2026 18:56:59,17/04/2026,30,Colectivo Cancha Grande
23/06/2026 18:57:32,20/04/2026,40,Colectivo Cancha Grande
23/06/2026 18:58:01,21/04/2026,30,Colectivo Cancha Grande
23/06/2026 18:58:32,22/04/2026,40,Colectivo Cancha Grande
23/06/2026 18:59:07,23/04/2026,20,Colectivo Cancha Grande
23/06/2026 18:59:33,24/04/2026,20,Colectivo Cancha Grande
23/06/2026 19:00:10,27/04/2026,50,Colectivo Cancha Grande
23/06/2026 19:00:34,28/04/2026,30,Colectivo Cancha Grande
23/06/2026 19:01:05,29/04/2026,20,Colectivo Cancha Grande
23/06/2026 19:01:27,30/04/2026,10,Colectivo Cancha Grande
23/06/2026 19:02:37,4/05/2026,50,Colectivo el Planchón Ecológico
23/06/2026 19:02:59,6/05/2026,50,Colectivo el Planchón Ecológico
23/06/2026 19:03:24,8/05/2026,60,Colectivo el Planchón Ecológico
23/06/2026 19:03:55,11/05/2026,40,Colectivo el Planchón Ecológico
23/06/2026 19:04:21,13/05/2026,70,Colectivo el Planchón Ecológico
23/06/2026 19:04:49,15/05/2026,50,Colectivo el Planchón Ecológico
23/06/2026 19:05:18,20/05/2026,90,Colectivo el Planchón Ecológico
23/06/2026 19:05:55,11/05/2026,40,Colectivo Cancha Grande
23/06/2026 19:06:24,12/05/2026,50,Colectivo Cancha Grande
23/06/2026 19:07:04,13/05/2026,30,Colectivo Cancha Grande
23/06/2026 19:07:32,14/05/2026,40,Colectivo Cancha Grande
23/06/2026 19:08:41,15/05/2026,10,Colectivo Cancha Grande
23/06/2026 19:09:06,19/05/2026,30,Colectivo Cancha Grande
23/06/2026 19:09:35,20/05/2026,40,Colectivo Cancha Grande
23/06/2026 19:10:29,25/05/2026,100,Colectivo el Planchón Ecológico
23/06/2026 19:10:54,27/05/2026,90,Colectivo el Planchón Ecológico
23/06/2026 19:11:16,29/05/2026,90,Colectivo el Planchón Ecológico
23/06/2026 19:11:46,1/06/2026,70,Colectivo el Planchón Ecológico
23/06/2026 19:12:23,5/06/2026,85,Colectivo el Planchón Ecológico
23/06/2026 19:13:15,10/06/2026,130,Colectivo el Planchón Ecológico
23/06/2026 19:13:42,12/06/2026,100,Colectivo el Planchón Ecológico
23/06/2026 19:14:07,17/06/2026,80,Colectivo el Planchón Ecológico
23/06/2026 19:14:50,19/06/2026,120,Colectivo el Planchón Ecológico
23/06/2026 19:15:25,3/06/2026,90,Colectivo Cancha Grande
23/06/2026 19:15:51,5/06/2026,60,Colectivo Cancha Grande
23/06/2026 19:16:20,10/06/2026,170,Colectivo Cancha Grande
23/06/2026 19:16:45,12/06/2026,90,Colectivo Cancha Grande
23/06/2026 19:17:15,17/06/2026,150,Colectivo Cancha Grande
23/06/2026 19:17:37,19/06/2026,100,Colectivo Cancha Grande
23/06/2026 19:18:24,22/06/2026,60,Colectivo Cancha Grande
27/06/2026 13:29:51,27/06/2026,68,Paca Portugal
28/06/2026 13:26:02,28/06/2026,17,Quinzata
28/06/2026 14:45:32,28/06/2026,85,Tochua
28/06/2026 20:08:15,28/06/2026,51,La Chucha Colectiva Ambientalista
28/06/2026 21:36:20,28/06/2026,"106,57",Paquerxs del Neuque
30/06/2026 13:18:21,28/06/2026,"150,6",Bonanza
30/06/2026 15:34:51,27/06/2026,125,Agroecologica Muyso
30/06/2026 17:36:22,20/06/2026,"54,7",Los Copetones
1/07/2026 11:14:12,21/03/2026,146,Agroecologica Muyso
1/07/2026 11:35:47,18/04/2026,60,Agroecologica Muyso
1/07/2026 11:36:44,2/05/2026,132,Agroecologica Muyso
1/07/2026 11:44:47,16/05/2026,150,Agroecologica Muyso
1/07/2026 11:45:26,13/06/2026,148,Agroecologica Muyso
2/07/2026 15:59:42,10/05/2026,"65,8",Bonanza
3/07/2026 9:43:27,3/07/2026,12,Quinzata
4/07/2026 16:26:58,4/07/2026,25,Los Copetones
5/07/2026 14:46:08,5/07/2026,"99,2",Tochua
12/07/2026 12:28:26,12/07/2026,123,Paquerxs del Neuque
12/07/2026 13:48:22,12/07/2026,37,Huitaca
12/07/2026 19:01:19,12/07/2026,32,Resiliencia
12/07/2026 19:48:33,11/07/2026,"28,5",Los Copetones
14/07/2026 16:21:59,12/07/2026,"109,5",Bonanza
14/07/2026 18:13:32,12/07/2026,75,La Chucha Colectiva Ambientalista
16/10/2025 20:00:00,09/02/2025,8,Hishasue
16/10/2025 20:00:00,16/02/2025,5,Hishasue
16/10/2025 20:00:00,23/02/2025,9,Hishasue
16/10/2025 20:00:00,02/03/2025,5,Hishasue
16/10/2025 20:00:00,09/03/2025,6,Hishasue
16/10/2025 20:00:00,16/03/2025,5,Hishasue
16/10/2025 20:00:00,23/03/2025,9,Hishasue
16/10/2025 20:00:00,30/03/2025,8,Hishasue
16/10/2025 20:00:00,13/04/2025,2,Hishasue
16/10/2025 20:00:00,20/04/2025,3,Hishasue
16/10/2025 20:00:00,27/04/2025,4,Hishasue
16/10/2025 20:00:00,04/05/2025,6,Hishasue
16/10/2025 20:00:00,11/05/2025,11,Hishasue
16/10/2025 20:00:00,18/05/2025,6,Hishasue
16/10/2025 20:00:00,25/05/2025,7,Hishasue
16/10/2025 20:00:00,01/06/2025,4,Hishasue
16/10/2025 20:00:00,08/06/2025,6,Hishasue
16/10/2025 20:00:00,15/06/2025,8,Hishasue
16/10/2025 20:00:00,22/06/2025,8,Hishasue
16/10/2025 20:00:00,29/06/2025,9,Hishasue
16/10/2025 20:00:00,06/07/2025,9,Hishasue
16/10/2025 20:00:00,13/07/2025,9,Hishasue
16/10/2025 20:00:00,21/07/2025,7,Hishasue
16/10/2025 20:00:00,28/07/2025,7,Hishasue
16/10/2025 20:00:00,03/08/2025,7,Hishasue
16/10/2025 20:00:00,10/08/2025,8,Hishasue
16/10/2025 20:00:00,17/08/2025,5,Hishasue
16/10/2025 20:00:00,24/08/2025,6,Hishasue
16/10/2025 20:00:00,31/08/2025,6,Hishasue
16/10/2025 20:00:00,07/09/2025,6,Hishasue
16/10/2025 20:00:00,14/09/2025,7,Hishasue
16/10/2025 20:00:00,21/09/2025,8,Hishasue
16/10/2025 20:00:00,28/09/2025,9,Hishasue
16/10/2025 20:00:00,05/10/2025,9,Hishasue